match_round,match_home_team,match_away_team,player_team,player_id,player_name,pred_0,pred_1,pred_2,pred_3,expected_votes,predicted_votes
1,Richmond,Carlton,Richmond,11801,Dustin Martin,0.0316192131581129,0.0653792666869103,0.109271254098597,0.793730266056379,2.66511257305324,3
1,Richmond,Carlton,Richmond,12584,Jack Graham,0.0607175455198132,0.352982696995173,0.385911434112505,0.200388330823088,1.72597055768944,2
1,Richmond,Carlton,Carlton,12685,Sam Walsh,0.114030289402281,0.400626026300128,0.322120291683783,0.163223385163226,1.53453676515737,1
1,Collingwood,Western Bulldogs,Western Bulldogs,12698,Bailey Smith,0.0351584358396175,0.108348912393654,0.152270208937348,0.704222454005251,2.5255566922841,3
1,Collingwood,Western Bulldogs,Western Bulldogs,12172,Jack Macrae,0.0580934566997752,0.286436550055526,0.389578934611355,0.265891073534503,1.86326763988174,2
1,Collingwood,Western Bulldogs,Collingwood,12381,Darcy Moore,0.112767385163113,0.361466992962603,0.341751247585221,0.184014381739642,1.59701263335197,1
1,Melbourne,Fremantle,Melbourne,11945,Steven May,0.0555970814483696,0.24076213147282,0.283596707406313,0.420044072221915,2.06808776295119,3
1,Melbourne,Fremantle,Melbourne,12411,Clayton Oliver,0.0632587272146294,0.272801602524303,0.387283502937999,0.276656152421906,1.87733706566602,2
1,Melbourne,Fremantle,Melbourne,12359,Jake Lever,0.101645300012641,0.370845891290269,0.330552071635417,0.196956744512251,1.62282026809785,1
1,Adelaide,Geelong,Adelaide,11724,Taylor Walker,0.0375341343303284,0.0875098692973494,0.179251647066981,0.695704319503018,2.53312612194036,3
1,Adelaide,Geelong,Adelaide,12171,Rory Laird,0.0758251737977268,0.340330024208482,0.389230804433174,0.194613990110035,1.70263360340493,2
1,Adelaide,Geelong,Adelaide,11799,Rory Sloane,0.122151944142624,0.410241272599572,0.323690516626654,0.143916251729987,1.48937106104284,1
1,Essendon,Hawthorn,Hawthorn,12201,Tom Mitchell,0.0431110467571883,0.13283052294394,0.260646918158931,0.563411512139939,2.34435889568162,3
1,Essendon,Hawthorn,Essendon,12505,Andrew McGrath,0.0596472216152279,0.327252388389785,0.402785529539502,0.210314849279613,1.76376799530763,2
1,Essendon,Hawthorn,Hawthorn,12149,Jaeger O'Meara,0.104814952190422,0.300812248775976,0.399809260329544,0.194563523802895,1.68412134084375,1
1,Brisbane Lions,Sydney,Sydney,12418,Callum Mills,0.0364000571833242,0.080728164887599,0.173352505239572,0.709519291315955,2.55599104931461,3
1,Brisbane Lions,Sydney,Sydney,12864,Errol Gulden,0.0574279895342384,0.30474088628465,0.367729250161764,0.270101896371088,1.85050507572144,2
1,Brisbane Lions,Sydney,Sydney,12331,Isaac Heeney,0.104029627631472,0.375910072698224,0.324480649676774,0.195579642542947,1.61161029968061,1
1,North Melbourne,Port Adelaide,Port Adelaide,11591,Travis Boak,0.0360397473703032,0.091753314371823,0.162161941318061,0.71004496713749,2.54621209842041,3
1,North Melbourne,Port Adelaide,Port Adelaide,12155,Ollie Wines,0.0939510396774426,0.34498277627931,0.323850259955724,0.23721590918636,1.70433102374984,2
1,North Melbourne,Port Adelaide,Port Adelaide,12308,Orazio Fantasia,0.0983211872583619,0.376752879980265,0.332355690944867,0.192570234365923,1.61917496496777,1
1,Greater Western Sydney,St Kilda,St Kilda,12307,Tim Membrey,0.0519932337187781,0.182401465611635,0.304221590937105,0.461383739534802,2.17499586609025,3
1,Greater Western Sydney,St Kilda,St Kilda,12593,Hunter Clark,0.0797465688500672,0.375614342940058,0.34363709276967,0.201001987989623,1.66589449244826,2
1,Greater Western Sydney,St Kilda,St Kilda,12422,Jade Gresham,0.10204979415247,0.361204713598664,0.37804208063771,0.158703404160573,1.5933990873558,1
1,West Coast,Gold Coast,West Coast,12605,Tim Kelly,0.0583776395451027,0.240778003783664,0.310123703858965,0.390720652812267,2.03318736993839,3
1,West Coast,Gold Coast,West Coast,12260,Dom Sheed,0.0536495242389991,0.268579399338724,0.39882533417271,0.278945760876016,1.90306735031219,2
1,West Coast,Gold Coast,West Coast,12662,Oscar Allen,0.0818145099020231,0.262515244604115,0.364264106979636,0.291406145964806,1.8652618964578,1
2,Carlton,Collingwood,Collingwood,12070,Taylor Adams,0.0358849803565454,0.0999266766122603,0.18189830574768,0.682290018657061,2.5105933440788,3
2,Carlton,Collingwood,Collingwood,12381,Darcy Moore,0.0715205154781548,0.309743474233541,0.324257882778086,0.294478120059637,1.84169359996862,1
2,Carlton,Collingwood,Collingwood,12067,Jack Crisp,0.0612793684715331,0.352834825916163,0.38761951787324,0.198266295189642,1.72287274723157,2
2,Geelong,Brisbane Lions,Geelong,11552,Joel Selwood,0.0378867884635093,0.116108134603027,0.168948250383648,0.677056830275105,2.48517512619564,3
2,Geelong,Brisbane Lions,Geelong,11979,Zach Tuohy,0.0692253874878579,0.322078187767086,0.371158196640946,0.237538216928239,1.77700923183369,2
2,Geelong,Brisbane Lions,Geelong,11554,Tom Hawkins,0.100865666542567,0.355785124480322,0.303166453344345,0.240182755632765,1.6826662980673,1
2,Sydney,Adelaide,Adelaide,11724,Taylor Walker,0.0611103434958019,0.185386266232939,0.34625028301802,0.40725313333027,2.09964623225979,3
2,Sydney,Adelaide,Sydney,12864,Errol Gulden,0.0896911704581025,0.319999325486237,0.307607373428158,0.28270212317692,1.78332044187331,2
2,Sydney,Adelaide,Sydney,12865,Braeden Campbell,0.110383783120445,0.444900367519525,0.261639877677633,0.183075986583557,1.51740808262546,1
2,Port Adelaide,Essendon,Port Adelaide,12693,Zak Butters,0.0401659438305766,0.121432463698793,0.194346155675641,0.644055433069697,2.44229107425917,3
2,Port Adelaide,Essendon,Port Adelaide,12503,Dan Houston,0.0818141856049714,0.298958436041198,0.387495961254433,0.231731428275267,1.76914464337586,2
2,Port Adelaide,Essendon,Port Adelaide,12155,Ollie Wines,0.0884400897539006,0.401014352172812,0.326847310923154,0.183698254600713,1.60580373782126,1
2,St Kilda,Melbourne,Melbourne,12411,Clayton Oliver,0.0354727936458501,0.0960905626361918,0.170246916001436,0.698189731441812,2.5311535889645,3
2,St Kilda,Melbourne,Melbourne,12280,Christian Salem,0.0575653787766828,0.279324953324449,0.334672604025936,0.328437078774091,1.93398139769859,2
2,St Kilda,Melbourne,Melbourne,12437,Christian Petracca,0.0782371576958911,0.308165024090126,0.36784074960718,0.24575705370564,1.7811176844214,1
2,Gold Coast,North Melbourne,Gold Coast,12767,Noah Anderson,0.03835562541927,0.147092175941815,0.213338111715203,0.601214086923711,2.37741066014335,3
2,Gold Coast,North Melbourne,Gold Coast,12329,Touk Miller,0.0513878609546578,0.253920374636699,0.445904604096385,0.248787178938708,1.89209111964559,2
2,Gold Coast,North Melbourne,Gold Coast,12039,Brandon Ellis,0.132794944931096,0.411168080909832,0.303051326416285,0.152985632841624,1.47622763226727,1
2,Hawthorn,Richmond,Richmond,11801,Dustin Martin,0.0489714366334045,0.132402868455388,0.26997491572398,0.548650779187226,2.31830503746502,3
2,Hawthorn,Richmond,Richmond,11921,Dion Prestia,0.090380543817668,0.354046431099894,0.388114418068352,0.167458595838213,1.63265105475124,2
2,Hawthorn,Richmond,Richmond,11671,Trent Cotchin,0.10972442332751,0.380508011718468,0.325637251211242,0.184130298841616,1.5841734106658,1
2,Western Bulldogs,West Coast,Western Bulldogs,12277,Marcus Bontempelli,0.0335402668167896,0.0599359338132136,0.148474963592433,0.758048832052272,2.63103235715489,3
2,Western Bulldogs,West Coast,Western Bulldogs,12172,Jack Macrae,0.0451653531611881,0.158554643480708,0.424242481237353,0.372037492318428,2.12315208291069,2
2,Western Bulldogs,West Coast,Western Bulldogs,12421,Josh Dunkley,0.119859686297782,0.381467696182232,0.302890039727155,0.19578258524341,1.57459553136677,1
2,Fremantle,Greater Western Sydney,Fremantle,11409,David Mundy,0.039745642671489,0.104048683630181,0.177852401530416,0.678353272167912,2.49481330319475,3
2,Fremantle,Greater Western Sydney,Fremantle,12596,Andrew Brayshaw,0.0446733212115669,0.218852403366382,0.468449432433362,0.268024850439269,1.95982581955091,2
2,Fremantle,Greater Western Sydney,Fremantle,12610,Adam Cerra,0.0779126569735421,0.37738951805886,0.325926887760465,0.21877092230597,1.6855560604977,1
3,Collingwood,Brisbane Lions,Brisbane Lions,12526,Hugh McCluggage,0.0622034755067922,0.215941314805388,0.297630478986145,0.424224734426963,2.08387647605857,3
3,Collingwood,Brisbane Lions,Collingwood,12223,Brodie Grundy,0.0604487841818156,0.235936760317467,0.309724876440719,0.393889579059996,2.03705525037889,2
3,Collingwood,Brisbane Lions,Brisbane Lions,12073,Jarryd Lyons,0.0772301271363198,0.361270352898298,0.364976073758249,0.19652342758068,1.68079278315683,1
3,North Melbourne,Western Bulldogs,Western Bulldogs,12071,Josh Bruce,0.0346844909455638,0.0797142083649931,0.169195253801288,0.716406031986992,2.56732281192854,3
3,North Melbourne,Western Bulldogs,Western Bulldogs,12058,Adam Treloar,0.0808108485495556,0.279891843049069,0.44486332317071,0.194433981505373,1.75292043390661,2
3,North Melbourne,Western Bulldogs,Western Bulldogs,12421,Josh Dunkley,0.0787026153704365,0.348797712241825,0.382636628781211,0.189863062232977,1.68366015650318,1
3,Adelaide,Gold Coast,Adelaide,11724,Taylor Walker,0.0360926295526203,0.0873746473852986,0.212269349478131,0.664263351232208,2.50470340003818,3
3,Adelaide,Gold Coast,Adelaide,11799,Rory Sloane,0.0539030206290337,0.238668269526707,0.404400725906301,0.303027969036795,1.95655362844969,2
3,Adelaide,Gold Coast,Gold Coast,12544,Hugh Greenwood,0.0918798396763058,0.394249806831106,0.337406264491314,0.176464070374821,1.5984545469382,1
3,Richmond,Sydney,Sydney,12820,Sam Wicks,0.0445950234635135,0.148783354433179,0.241470874949816,0.56515075087878,2.32717735696915,3
3,Richmond,Sydney,Sydney,12419,Tom Papley,0.0691357784454084,0.324272398711895,0.359295712200049,0.247296092016194,1.78475209916057,2
3,Richmond,Sydney,Sydney,12418,Callum Mills,0.0758842123895029,0.369464233363365,0.35758158551833,0.19706995382764,1.67583726588294,1
3,Essendon,St Kilda,Essendon,12414,Darcy Parish,0.0537241025553922,0.193748656777554,0.34623501754251,0.406292208223381,2.10509531653272,3
3,Essendon,St Kilda,Essendon,12640,Jordan Ridley,0.0687589364232468,0.23550412510786,0.365698954774865,0.330037965067574,1.95701592986031,1
3,Essendon,St Kilda,Essendon,12249,Zach Merrett,0.055334798175691,0.23890434252309,0.468173506580687,0.237587356445822,1.88801342502193,2
3,West Coast,Port Adelaide,West Coast,11813,Luke Shuey,0.0465618512339517,0.160750768425713,0.296532471808733,0.496154938333924,2.24228052704495,3
3,West Coast,Port Adelaide,West Coast,11909,Andrew Gaff,0.0592402509062375,0.299509863887661,0.407375208850874,0.233874680080517,1.81588432183096,2
3,West Coast,Port Adelaide,West Coast,12605,Tim Kelly,0.131199442359742,0.375752952020918,0.299170597523351,0.193877000645406,1.55572514900384,1
3,Carlton,Fremantle,Carlton,12575,Harry McKay,0.0503580197973954,0.138494212801933,0.186640972324533,0.624506806252008,2.38529657620702,3
3,Carlton,Fremantle,Carlton,12269,Patrick Cripps,0.0627194674904761,0.287598098521042,0.36421171615129,0.28547071783719,1.87243368433519,2
3,Carlton,Fremantle,Carlton,12685,Sam Walsh,0.0638768896355263,0.321318951635153,0.381888273426038,0.23291587412741,1.78384312086946,1
3,Greater Western Sydney,Melbourne,Melbourne,11972,Max Gawn,0.0343443861649727,0.0725633621889626,0.173194388994786,0.719897873827149,2.57864576165998,3
3,Greater Western Sydney,Melbourne,Greater Western Sydney,12026,Toby Greene,0.096364026695938,0.293246190623961,0.41320032984255,0.19718945283755,1.71121520882171,2
3,Greater Western Sydney,Melbourne,Melbourne,12437,Christian Petracca,0.169,0.342,0.302,0.187,1.51,1
3,Geelong,Hawthorn,Geelong,11894,Cameron Guthrie,0.0331519674615711,0.0819463312662501,0.129706918539134,0.755194797634205,2.60694456124713,3
3,Geelong,Hawthorn,Geelong,11804,Mitch Duncan,0.0747072320476891,0.384294476755287,0.335913444235133,0.205084843236599,1.67137589493535,2
3,Geelong,Hawthorn,Hawthorn,12149,Jaeger O'Meara,0.0802927344086482,0.396001942357409,0.385503762004513,0.138201538877687,1.58161408299949,1
4,Sydney,Essendon,Sydney,11958,Luke Parker,0.0310328386330016,0.0615786274126544,0.097022883354047,0.810365648737651,2.6867213403337,3
4,Sydney,Essendon,Essendon,12640,Jordan Ridley,0.155,0.436,0.256,0.153,1.41,1
4,Sydney,Essendon,Essendon,12249,Zach Merrett,0.100124824344361,0.412447664906763,0.340869498674827,0.146557989722305,1.53386063142333,2
4,Port Adelaide,Richmond,Port Adelaide,11591,Travis Boak,0.0462221666204292,0.192660224618504,0.269811908328564,0.491305719058953,2.20620119845249,3
4,Port Adelaide,Richmond,Richmond,12341,Kane Lambert,0.0982081864187849,0.273714824558617,0.324056236868823,0.304020778230807,1.83388963298868,1
4,Port Adelaide,Richmond,Port Adelaide,12155,Ollie Wines,0.0697807930413206,0.330748320873011,0.3298574063546,0.269613464829906,1.79930352807193,2
4,Western Bulldogs,Brisbane Lions,Western Bulldogs,12548,Tim English,0.0566852319497999,0.140767221112571,0.317182316534494,0.485365208051392,2.23122747833573,3
4,Western Bulldogs,Brisbane Lions,Western Bulldogs,12172,Jack Macrae,0.0485741545310685,0.193881931339201,0.272281433859627,0.485262480270103,2.19423223986876,2
4,Western Bulldogs,Brisbane Lions,Western Bulldogs,12058,Adam Treloar,0.0631788525184575,0.331863557887549,0.295408160489116,0.309549436555457,1.85132818853215,1
4,St Kilda,West Coast,St Kilda,12377,Jack Steele,0.0394556329655703,0.147650804570808,0.244428353053506,0.568465198234244,2.34190310538055,3
4,St Kilda,West Coast,St Kilda,12771,Max King,0.0887622215458315,0.348389401977747,0.31777509660202,0.24507327242382,1.71915941245324,2
4,St Kilda,West Coast,St Kilda,12161,Brad Crouch,0.104995241506294,0.386380924906766,0.339295163826115,0.169328639958501,1.5729571724345,1
4,Gold Coast,Carlton,Carlton,11889,Ed Curnow,0.0348592216589241,0.137819210054049,0.308811211264406,0.518510351434683,2.31097268688691,3
4,Gold Coast,Carlton,Carlton,12175,Sam Docherty,0.17,0.331,0.292,0.207,1.54,2
4,Gold Coast,Carlton,Gold Coast,12544,Hugh Greenwood,0.0703830853425524,0.326195886658172,0.397905358769835,0.205515665504148,1.73855360071029,1
4,Collingwood,Greater Western Sydney,Greater Western Sydney,12026,Toby Greene,0.048647466171993,0.135899471001104,0.279834450349237,0.535618634829406,2.3024242761878,3
4,Collingwood,Greater Western Sydney,Greater Western Sydney,11683,Callan Ward,0.0536120408858945,0.231997790863274,0.313960552329074,0.400429612196466,2.06120773211082,2
4,Collingwood,Greater Western Sydney,Greater Western Sydney,12512,Tim Taranto,0.102723642235097,0.419090490657691,0.313594036705815,0.164591837851976,1.54005407762525,1
4,North Melbourne,Adelaide,Adelaide,12818,Lachlan Sholl,0.0468819521620297,0.171264310053563,0.297300898306704,0.484552854378863,2.21952466980356,3
4,North Melbourne,Adelaide,Adelaide,12171,Rory Laird,0.0646166084720312,0.19183798143337,0.328484046728741,0.415061385717597,2.09399023204364,2
4,North Melbourne,Adelaide,Adelaide,12483,Reilly O'Brien,0.107922326672538,0.359830291382401,0.30813323982504,0.224114134669438,1.64843917504079,1
4,Melbourne,Geelong,Melbourne,12437,Christian Petracca,0.0283630137404909,0.0546735528327244,0.0821701568294098,0.834793282185309,2.72339371304747,3
4,Melbourne,Geelong,Melbourne,12411,Clayton Oliver,0.0620007660991942,0.299559937182345,0.39382386678097703,0.244615441113353,1.82105399408436,2
4,Melbourne,Geelong,Melbourne,11972,Max Gawn,0.0674961669564916,0.284292180753759,0.429709939958157,0.218501738408623,1.79921727589594,1
4,Fremantle,Hawthorn,Fremantle,11844,Nat Fyfe,0.0504993883751055,0.226753774523372,0.270245299427005,0.452501519048065,2.12474893052157,3
4,Fremantle,Hawthorn,Fremantle,11409,David Mundy,0.0543167301017083,0.232105245153076,0.346226097608683,0.36735191596066,2.02661318825242,2
4,Fremantle,Hawthorn,Hawthorn,12201,Tom Mitchell,0.0567589964024966,0.297401997378283,0.429268648025205,0.216570373095175,1.80565041271422,1
5,St Kilda,Richmond,Richmond,11561,Shane Edwards,0.0457206275259406,0.186428858352134,0.294160289872548,0.473690227974667,2.19582012202123,3
5,St Kilda,Richmond,Richmond,12379,Toby Nankervis,0.0820258790833423,0.288281595015393,0.316556594542403,0.31313593135886,1.86080257817678,2
5,St Kilda,Richmond,Richmond,12542,Shai Bolton,0.063426581677153,0.289556226432344,0.38675531532645,0.260261884014633,1.84385250912914,1
5,West Coast,Collingwood,West Coast,12662,Oscar Allen,0.0628317207451183,0.212729119198506,0.449681678946019,0.274757477385064,1.93636490924574,3
5,West Coast,Collingwood,West Coast,11908,Jack Darling,0.0780393468125739,0.267843660489536,0.341489860497245,0.312627143376514,1.88870481161357,2
5,West Coast,Collingwood,West Coast,11782,Jack Redden,0.0689514995674448,0.368670522135926,0.363756902767988,0.198621090429801,1.6920475989613,1
5,Western Bulldogs,Gold Coast,Western Bulldogs,12421,Josh Dunkley,0.0406747522124125,0.122000904448209,0.261682804814659,0.575641534799428,2.37229111847581,3
5,Western Bulldogs,Gold Coast,Western Bulldogs,12277,Marcus Bontempelli,0.0475482562883221,0.156879641526054,0.359152830196787,0.436419260812964,2.18444308435852,2
5,Western Bulldogs,Gold Coast,Western Bulldogs,12172,Jack Macrae,0.102921283160745,0.343033265810847,0.378549470272993,0.17549595095309,1.6266200592161,1
5,Sydney,Greater Western Sydney,Greater Western Sydney,12262,Josh Kelly,0.0614644767544126,0.217946655385482,0.322476843156407,0.398112020978406,2.05723640463351,3
5,Sydney,Greater Western Sydney,Sydney,11385,Lance Franklin,0.0569668770376338,0.20724790753369,0.364872686921542,0.370912513605972,2.04973082219469,2
5,Sydney,Greater Western Sydney,Greater Western Sydney,12447,Jacob Hopper,0.0639247486009898,0.283934368609403,0.323679518486503,0.328461345676651,1.91667744261236,1
5,Carlton,Port Adelaide,Port Adelaide,12429,Darcy Byrne-Jones,0.0612427722460059,0.228471805856549,0.310049556471102,0.400235850525181,2.04927847037429,2
5,Carlton,Port Adelaide,Port Adelaide,12155,Ollie Wines,0.0621498422152321,0.252100340363244,0.280370029772805,0.405379798824588,2.02897979638262,3
5,Carlton,Port Adelaide,Carlton,12685,Sam Walsh,0.0677257606506942,0.270614614645226,0.413961392685805,0.247698224567693,1.84163207371991,1
5,Brisbane Lions,Essendon,Brisbane Lions,12061,Lachie Neale,0.0416591971250739,0.148354370896114,0.274087045543292,0.53589940878726,2.30422668834448,3
5,Brisbane Lions,Essendon,Brisbane Lions,12526,Hugh McCluggage,0.0518958782004515,0.218669164518212,0.329613627413693,0.39982131124119,2.07736035306917,2
5,Brisbane Lions,Essendon,Brisbane Lions,12073,Jarryd Lyons,0.0739710216502058,0.349679672315042,0.371614226363761,0.20473508712157,1.70711338640727,1
5,Adelaide,Fremantle,Fremantle,11409,David Mundy,0.0348901230504638,0.0922356744567341,0.164215069134021,0.708659114732329,2.54664315692176,3
5,Adelaide,Fremantle,Fremantle,12596,Andrew Brayshaw,0.0605510724373183,0.296228620998934,0.325558959507536,0.317661332155049,1.90033053647915,2
5,Adelaide,Fremantle,Fremantle,12550,Luke Ryan,0.086944691090321,0.281809053628609,0.324793159013245,0.306453073916082,1.85075459340334,1
5,Hawthorn,Melbourne,Melbourne,11972,Max Gawn,0.0330565078463252,0.0895812617094937,0.177874031801939,0.699488213543402,2.54379396594357,3
5,Hawthorn,Melbourne,Melbourne,12411,Clayton Oliver,0.0757177263069036,0.394519813186727,0.31595629868223,0.213806146922976,1.66785085132011,2
5,Hawthorn,Melbourne,Melbourne,12280,Christian Salem,0.100913131596881,0.421050394423368,0.318677334178468,0.159359139801281,1.53648248218415,1
5,Geelong,North Melbourne,Geelong,12513,Brandan Parfitt,0.065186025614925,0.2134313966879,0.303401119782804,0.417981439287917,2.07417795411726,3
5,Geelong,North Melbourne,Geelong,12514,Tom Stewart,0.07536047127411,0.417843590570461,0.306160243863719,0.200635690566418,1.63207114999715,2
5,Geelong,North Melbourne,Geelong,12474,Sam Menegola,0.0984352318733504,0.405785358152295,0.33339994279288,0.162379467181473,1.55972364528247,1
6,Greater Western Sydney,Western Bulldogs,Western Bulldogs,12172,Jack Macrae,0.0321898388060749,0.0791195222261133,0.145124276182567,0.743566366510534,2.60006717412285,3
6,Greater Western Sydney,Western Bulldogs,Western Bulldogs,11904,Tom Liberatore,0.116,0.348,0.313,0.223,1.64,2
6,Greater Western Sydney,Western Bulldogs,Western Bulldogs,12058,Adam Treloar,0.0725056725705825,0.294924652260886,0.310490385375129,0.322079297243981,1.88214331474309,1
6,Geelong,West Coast,Geelong,11804,Mitch Duncan,0.0359358030004859,0.0742130901060137,0.204649932642387,0.685201177976402,2.53911648931999,3
6,Geelong,West Coast,Geelong,11894,Cameron Guthrie,0.0789508931074472,0.295056402539393,0.387599630707365,0.238393099722825,1.7854349631226,2
6,Geelong,West Coast,Geelong,11552,Joel Selwood,0.159847754210135,0.409715055447061,0.257692792367505,0.172744383074136,1.44333378940448,1
6,Gold Coast,Sydney,Gold Coast,12329,Touk Miller,0.0422637747380817,0.174972821085592,0.305656432750118,0.477106986327368,2.21760664556793,3
6,Gold Coast,Sydney,Gold Coast,12767,Noah Anderson,0.0628505778319701,0.223830008332147,0.373749436609694,0.339569984676767,1.99003883558184,2
6,Gold Coast,Sydney,Sydney,11677,Josh P. Kennedy,0.0791000180988415,0.356115872875004,0.390009196571558,0.174774890102853,1.66045893632668,1
6,Carlton,Brisbane Lions,Brisbane Lions,12526,Hugh McCluggage,0.0355565754576962,0.116397543958975,0.15979696960442,0.688248903528327,2.50073819375279,3
6,Carlton,Brisbane Lions,Carlton,12575,Harry McKay,0.0887863532295663,0.288803922127909,0.383520446876396,0.238889262864965,1.7725126044756,2
6,Carlton,Brisbane Lions,Carlton,12685,Sam Walsh,0.0657161143208092,0.3320498871916,0.434523996598724,0.167710016790027,1.70422793075913,1
6,Melbourne,Richmond,Melbourne,12437,Christian Petracca,0.050788096455727,0.179782122070825,0.306951088264118,0.462478667132297,2.18112029999595,3
6,Melbourne,Richmond,Melbourne,12280,Christian Salem,0.0565533595394699,0.190936385293604,0.348214210053551,0.404296033937503,2.10025290721321,2
6,Melbourne,Richmond,Melbourne,12411,Clayton Oliver,0.0866009779670104,0.396880247512818,0.32349013457194,0.193028654849391,1.62294648120487,1
6,Fremantle,North Melbourne,Fremantle,11409,David Mundy,0.0607198843053253,0.173059115712457,0.331397258430942,0.434823741551274,2.14032485722816,3
6,Fremantle,North Melbourne,Fremantle,11844,Nat Fyfe,0.0625041360686493,0.25629591983952,0.39032259259448,0.290877370123801,1.90957321539988,2
6,Fremantle,North Melbourne,Fremantle,12786,Caleb Serong,0.0903269542877928,0.361380788357322,0.336927382433167,0.211364874921717,1.66933017798881,1
6,Hawthorn,Adelaide,Hawthorn,12149,Jaeger O'Meara,0.0460728012471356,0.187474014302906,0.236665932722836,0.529787262902991,2.25016766845755,3
6,Hawthorn,Adelaide,Adelaide,12441,Ben Keays,0.0609769493342526,0.290036470867419,0.398663169362388,0.250323440238261,1.83833313030698,2
6,Hawthorn,Adelaide,Hawthorn,12861,Jacob Koschitzke,0.105380095483831,0.373256249106413,0.317754650436484,0.203609012423851,1.61959258725093,1
6,Collingwood,Essendon,Essendon,12414,Darcy Parish,0.0337567541836635,0.0775689071858895,0.139892400315056,0.748781927139518,2.60369948923455,3
6,Collingwood,Essendon,Essendon,12249,Zach Merrett,0.0737532203668034,0.354278549542784,0.387352007564748,0.184616244877405,1.68283129930449,1
6,Collingwood,Essendon,Essendon,12413,Anthony McDonald-Tipungwuti,0.135384460001044,0.28695285070368,0.412165079389257,0.165497609906017,1.60777583920024,2
6,Port Adelaide,St Kilda,Port Adelaide,12155,Ollie Wines,0.0558370004044396,0.215587706169544,0.357145839581686,0.371429431492587,2.04416767981067,3
6,Port Adelaide,St Kilda,Port Adelaide,12365,Karl Amon,0.0781136387349938,0.251471217879765,0.316777568038403,0.353637560445675,1.9459390352936,2
6,Port Adelaide,St Kilda,St Kilda,12138,Sebastian Ross,0.12904280998324,0.382912443481661,0.337064135463837,0.150980640873582,1.50998263703008,1
7,Richmond,Western Bulldogs,Richmond,12542,Shai Bolton,0.0517762017165832,0.17164629650751,0.322252385380936,0.454325116394969,2.17912641645429,3
7,Richmond,Western Bulldogs,Richmond,11953,Tom J. Lynch,0.0682580005050783,0.245956122780931,0.353580275809427,0.332205589728691,1.94973344358586,2
7,Richmond,Western Bulldogs,Richmond,11573,Bachar Houli,0.0827914931836745,0.377387888171835,0.373695612818844,0.166125031902678,1.62315420951755,1
7,Collingwood,Gold Coast,Gold Coast,12329,Touk Miller,0.0688710791412882,0.238356307761562,0.29135847781897,0.401414135278179,2.02531566923404,3
7,Collingwood,Gold Coast,Gold Coast,12544,Hugh Greenwood,0.0934097728829954,0.273244340650839,0.336880265416252,0.296465635951072,1.83640177933656,2
7,Collingwood,Gold Coast,Gold Coast,12039,Brandon Ellis,0.0766721423467899,0.302646407709302,0.409511706614141,0.211169732153896,1.75517901739927,1
7,Adelaide,Greater Western Sydney,Greater Western Sydney,12512,Tim Taranto,0.0406316724078507,0.171494571289718,0.272698273844802,0.51517550480937,2.26241763340743,3
7,Adelaide,Greater Western Sydney,Greater Western Sydney,12262,Josh Kelly,0.0565020602092512,0.230008330429119,0.342897548209204,0.370592068603004,2.02757963265654,2
7,Adelaide,Greater Western Sydney,Greater Western Sydney,12447,Jacob Hopper,0.0699726801565932,0.331526749348232,0.340585677352426,0.257914889417457,1.78644277230545,1
7,St Kilda,Hawthorn,St Kilda,12294,Zak Jones,0.033559283133064,0.069391908933332,0.141485043029666,0.755563779805098,2.61905333440796,3
7,St Kilda,Hawthorn,St Kilda,12066,Bradley Hill,0.103026071922324,0.437138392833779,0.304704328604353,0.155131228991284,1.51194073701634,2
7,St Kilda,Hawthorn,St Kilda,12593,Hunter Clark,0.113429195809235,0.443471454756201,0.321613695453489,0.121485642805202,1.45115577407878,1
7,Brisbane Lions,Port Adelaide,Brisbane Lions,12526,Hugh McCluggage,0.0380405557703185,0.132534947048198,0.17683630902263,0.652588214235884,2.44397220780111,3
7,Brisbane Lions,Port Adelaide,Brisbane Lions,12347,Harris Andrews,0.150512783548884,0.279853176936683,0.31356701933272,0.256067035082874,1.67518832085074,2
7,Brisbane Lions,Port Adelaide,Port Adelaide,12155,Ollie Wines,0.083948465657121,0.366426834650717,0.358891819779478,0.190732891088553,1.65640914747533,1
7,Sydney,Geelong,Sydney,12009,Tom Hickey,0.0802922489632711,0.267438779841579,0.333104127049985,0.319164836694583,1.8911415440253,3
7,Sydney,Geelong,Sydney,12501,Oliver Florent,0.0702647428684623,0.340749421148257,0.370840593591558,0.218145246117012,1.73686634668241,2
7,Sydney,Geelong,Geelong,11804,Mitch Duncan,0.0816908522488964,0.323192731362269,0.391438874653515,0.203677534284738,1.71710308352351,1
7,North Melbourne,Melbourne,Melbourne,12603,Bayley Fritsch,0.0603197814567975,0.202429127888498,0.347897430885014,0.389353667220269,2.06628499131933,3
7,North Melbourne,Melbourne,North Melbourne,11843,Ben Cunnington,0.0499891907974005,0.201481755896876,0.490030918125772,0.258498164982272,1.95703808709523,2
7,North Melbourne,Melbourne,North Melbourne,12047,Aaron Hall,0.113166994755431,0.41622930416639,0.344101752654801,0.126501948423377,1.48393865474612,1
7,Essendon,Carlton,Carlton,12685,Sam Walsh,0.0314462455694492,0.0818959212267388,0.126203676405872,0.760454153072649,2.61566573325643,3
7,Essendon,Carlton,Carlton,11889,Ed Curnow,0.120090417511094,0.399652558916248,0.291578284520763,0.188678724150732,1.54884530040997,2
7,Essendon,Carlton,Essendon,12505,Andrew McGrath,0.0927459148690092,0.423112332892946,0.334589971955943,0.149551757930359,1.54094755059591,1
7,West Coast,Fremantle,West Coast,12605,Tim Kelly,0.0335983453481186,0.0845254482300337,0.157212706577829,0.724663488668148,2.57294132739013,3
7,West Coast,Fremantle,West Coast,11909,Andrew Gaff,0.0583001012626544,0.258245413065855,0.405647346724293,0.277807146397777,1.90296154570777,2
7,West Coast,Fremantle,West Coast,12260,Dom Sheed,0.0931938489792205,0.372217551682898,0.35928129786863,0.17530729401867,1.61670202947616,1
8,Richmond,Geelong,Geelong,12022,Jeremy Cameron,0.0409343332632578,0.154331676015365,0.225509595783342,0.579224376311583,2.34302399651679,3
8,Richmond,Geelong,Geelong,11894,Cameron Guthrie,0.0736929042315802,0.299810872239647,0.387827001988839,0.238669199188191,1.79147247378189,2
8,Richmond,Geelong,Geelong,11554,Tom Hawkins,0.0802621526211171,0.317834536468954,0.334929976215984,0.266973334693944,1.78861449298275,1
8,Gold Coast,St Kilda,St Kilda,12377,Jack Steele,0.0373307763841378,0.133597227773829,0.169860562596166,0.659211429520575,2.45095264152789,3
8,Gold Coast,St Kilda,St Kilda,12255,Jack Billings,0.0457958237713305,0.176661900338839,0.301291536168112,0.476250706194105,2.20799709125738,2
8,Gold Coast,St Kilda,Gold Coast,12329,Touk Miller,0.0582585777277637,0.383088452370399,0.363205568719996,0.195447419808291,1.69584184923526,1
8,Greater Western Sydney,Essendon,Essendon,12249,Zach Merrett,0.0446802407405052,0.134850422858375,0.24317669294483,0.577292650906869,2.35308176146864,3
8,Greater Western Sydney,Essendon,Greater Western Sydney,12262,Josh Kelly,0.054799639981069,0.219076429709148,0.298705309308069,0.427418602375261,2.09874285545107,2
8,Greater Western Sydney,Essendon,Greater Western Sydney,12512,Tim Taranto,0.057627126571655,0.300579651631431,0.376793160282568,0.265000042887893,1.84916610086024,1
8,North Melbourne,Collingwood,Collingwood,12333,Jordan De Goey,0.0476638700881785,0.126857158149092,0.307415587077083,0.518063373509774,2.29587845283258,3
8,North Melbourne,Collingwood,Collingwood,12381,Darcy Moore,0.0627945319426981,0.243782426876583,0.40112644558169,0.292296599324318,1.92292511601291,2
8,North Melbourne,Collingwood,Collingwood,12067,Jack Crisp,0.0855716577583736,0.406865896246682,0.349791996055148,0.157770435038634,1.57976119347288,1
8,Melbourne,Sydney,Melbourne,12411,Clayton Oliver,0.0578065916555525,0.227833536948249,0.328733486003169,0.385626392843608,2.04217968748541,3
8,Melbourne,Sydney,Melbourne,12015,Tom McDonald,0.0812230147190659,0.325673378739818,0.358905562296788,0.234198036793746,1.74607861371463,2
8,Melbourne,Sydney,Sydney,12418,Callum Mills,0.0688880004341334,0.374811203562677,0.356584456677588,0.199716361677341,1.68712920194988,1
8,Port Adelaide,Adelaide,Port Adelaide,11591,Travis Boak,0.0686249774097016,0.243899010052142,0.387093877370179,0.300382116541525,1.91923311441707,3
8,Port Adelaide,Adelaide,Adelaide,12171,Rory Laird,0.0715637595260931,0.436237601510014,0.325285802726193,0.16691285486415,1.58754777155485,2
8,Port Adelaide,Adelaide,Port Adelaide,12365,Karl Amon,0.10480569230828,0.398383835383357,0.361157574534391,0.13565289777397,1.52765767777405,1
8,Hawthorn,West Coast,West Coast,11909,Andrew Gaff,0.0373889619485306,0.0992221851887428,0.198165901015654,0.665222936945911,2.49122279805778,3
8,Hawthorn,West Coast,West Coast,12260,Dom Sheed,0.0598842880699048,0.302062805662369,0.406446912947019,0.231605993320705,1.80977461151852,2
8,Hawthorn,West Coast,Hawthorn,12201,Tom Mitchell,0.149645694279537,0.342647745424894,0.35785779889471,0.149848753950276,1.50790960506514,1
8,Western Bulldogs,Carlton,Western Bulldogs,12277,Marcus Bontempelli,0.0348558392032721,0.0831685141992189,0.153756427210483,0.728219230562896,2.57533906030887,3
8,Western Bulldogs,Carlton,Western Bulldogs,12071,Josh Bruce,0.0693031072457695,0.295475385546113,0.38487454688649,0.250346967772206,1.81626538263571,2
8,Western Bulldogs,Carlton,Western Bulldogs,11904,Tom Liberatore,0.118472782573054,0.349714386820109,0.335771733476106,0.196041097130728,1.6093811451645,1
8,Brisbane Lions,Fremantle,Brisbane Lions,12526,Hugh McCluggage,0.0437682550280066,0.149456570075825,0.259266199212009,0.547508968233579,2.31051587320058,3
8,Brisbane Lions,Fremantle,Brisbane Lions,12073,Jarryd Lyons,0.0520562220176064,0.166339809933987,0.32813164442888,0.453472345971267,2.18302013670555,2
8,Brisbane Lions,Fremantle,Brisbane Lions,12284,Charlie Cameron,0.105519008319527,0.283695269724665,0.359754218028006,0.251031518828961,1.75629826226756,1
9,St Kilda,Geelong,Geelong,11894,Cameron Guthrie,0.0326471289150805,0.102137170055527,0.134027017001567,0.731188691478405,2.56375727849387,3
9,St Kilda,Geelong,Geelong,11804,Mitch Duncan,0.0742195259162008,0.35385285746854,0.344638541629297,0.227289067535379,1.72499714333327,2
9,St Kilda,Geelong,Geelong,11979,Zach Tuohy,0.0888928395009693,0.420235570178175,0.306611280103547,0.184260299041436,1.58623902750958,1
9,Sydney,Collingwood,Sydney,12331,Isaac Heeney,0.0655986858774431,0.21723197374428,0.308802220987388,0.408367141742629,2.05993784094694,3
9,Sydney,Collingwood,Sydney,12418,Callum Mills,0.0582984152837826,0.305259416492796,0.315529759514009,0.320912393808249,1.89905611694556,2
9,Sydney,Collingwood,Sydney,12745,Hayden McLean,0.10939007917228,0.36241140048736,0.366538368428488,0.161660166813032,1.58046863778343,1
9,Hawthorn,North Melbourne,North Melbourne,12511,Jy Simpkin,0.0458006114843082,0.201988140993155,0.268254609474405,0.483956608245809,2.19036718467939,3
9,Hawthorn,North Melbourne,North Melbourne,11843,Ben Cunnington,0.0586889594557001,0.178441525757984,0.325237993245935,0.437631536441541,2.14181212157447,2
9,Hawthorn,North Melbourne,North Melbourne,11692,Todd Goldstein,0.152170948557108,0.412506714099502,0.31504956142833,0.120272753563316,1.40342409764611,1
9,Gold Coast,Brisbane Lions,Brisbane Lions,12073,Jarryd Lyons,0.0370102586600512,0.10373367117459,0.225211867319578,0.634044184219328,2.45628995847173,3
9,Gold Coast,Brisbane Lions,Brisbane Lions,12082,Dayne Zorko,0.0436262689087597,0.166858132536959,0.430784875691059,0.35873071541264,2.104620030157,2
9,Gold Coast,Brisbane Lions,Brisbane Lions,12297,Daniel McStay,0.128050129824568,0.389653985639857,0.321372765681046,0.160923133755688,1.51516891826901,1
9,Richmond,Greater Western Sydney,Richmond,12668,Liam Baker,0.0388788275190483,0.161030278486615,0.177711801344551,0.622379081473913,2.38359112559745,3
9,Richmond,Greater Western Sydney,Richmond,11801,Dustin Martin,0.0404299024228414,0.147007559172392,0.265161466984432,0.547401075145623,2.31953371857812,2
9,Richmond,Greater Western Sydney,Greater Western Sydney,12447,Jacob Hopper,0.0528377011614944,0.291324773291045,0.42542513210327,0.23041241579593,1.83341228488537,1
9,Port Adelaide,Western Bulldogs,Western Bulldogs,12277,Marcus Bontempelli,0.0470514046337088,0.155032599887153,0.363637613096628,0.434278374931929,2.18514295087619,3
9,Port Adelaide,Western Bulldogs,Port Adelaide,12155,Ollie Wines,0.0752529909921949,0.323264910508601,0.395743690237629,0.205738382184541,1.73196743753748,1
9,Port Adelaide,Western Bulldogs,Western Bulldogs,11904,Tom Liberatore,0.119220638868408,0.296581033341042,0.324453033094157,0.259745309597552,1.72472302832201,2
9,Essendon,Fremantle,Fremantle,12555,Sean Darcy,0.0928841662073603,0.267247438511062,0.342208768065004,0.297659642117733,1.84464390099427,1
9,Essendon,Fremantle,Essendon,12414,Darcy Parish,0,0,0,1,3,2
9,Essendon,Fremantle,Essendon,12734,Nick Hind,0.124430579648289,0.411538984603279,0.296946295487952,0.167084147711059,1.50668401871236,2
9,Melbourne,Carlton,Melbourne,12411,Clayton Oliver,0.0420989302612862,0.13073304702874,0.255105349864063,0.572062639318296,2.35713166471175,3
9,Melbourne,Carlton,Melbourne,12015,Tom McDonald,0.0553131698345753,0.166802480966806,0.329205661142974,0.448678721583256,2.17124996800252,2
9,Melbourne,Carlton,Carlton,12685,Sam Walsh,0.0991727188534493,0.338507042980686,0.408527785256256,0.153792438008446,1.61693992751853,1
9,West Coast,Adelaide,West Coast,11908,Jack Darling,0.0572160670040308,0.22889489131642,0.373627990399739,0.340261032653357,1.99693397007597,3
9,West Coast,Adelaide,West Coast,12605,Tim Kelly,0.0616437057956337,0.23848566162064,0.348735093499775,0.35113553908395,1.98936246587204,2
9,West Coast,Adelaide,West Coast,11773,Nic Naitanui,0.106772649692803,0.31411886726391,0.391482382414772,0.18762606337561,1.65996182222028,1
10,Brisbane Lions,Richmond,Brisbane Lions,12073,Jarryd Lyons,0.0382166141578294,0.104277552286288,0.160196927193009,0.697308898912292,2.51659810340918,3
10,Brisbane Lions,Richmond,Brisbane Lions,12526,Hugh McCluggage,0.057129113996939,0.260589157135299,0.411991812537444,0.270289897703865,1.89544247532178,2
10,Brisbane Lions,Richmond,Brisbane Lions,12082,Dayne Zorko,0.0745112813139419,0.368687814289265,0.351322960267121,0.205477947854961,1.68776757838839,1
10,Carlton,Hawthorn,Carlton,12685,Sam Walsh,0.0463482045363729,0.151137508938531,0.282001900255957,0.520512356466815,2.27667837885089,3
10,Carlton,Hawthorn,Carlton,12175,Sam Docherty,0.0679042604623618,0.292826446728578,0.34855244713277,0.29071686057745,1.86208192272647,2
10,Carlton,Hawthorn,Hawthorn,12201,Tom Mitchell,0.0641002798470259,0.358575052497486,0.359202154335815,0.218122535671414,1.73134696818335,1
10,Geelong,Gold Coast,Geelong,11552,Joel Selwood,0.0349856192832853,0.0902032096473764,0.151083879392317,0.723727317754052,2.56355292169416,3
10,Geelong,Gold Coast,Geelong,12657,Quinton Narkle,0.0988076073686938,0.38608555388913,0.340273835505625,0.174832992060679,1.59113220108242,2
10,Geelong,Gold Coast,Geelong,12160,Mark Blicavs,0.11263177359049,0.362184623798243,0.364957242587055,0.160226367474791,1.57277821139672,1
10,Adelaide,Melbourne,Melbourne,12411,Clayton Oliver,0.0414643964422686,0.134175933114152,0.272316862694604,0.552042811474265,2.33493809292615,3
10,Adelaide,Melbourne,Adelaide,12441,Ben Keays,0.0800654469895568,0.284253437727986,0.330092547685646,0.30558856759681,1.86120423588971,2
10,Adelaide,Melbourne,Adelaide,12043,Paul Seedsman,0.0666173568930312,0.344192529975255,0.386758320525327,0.202431766529353,1.72500447061397,1
10,Western Bulldogs,St Kilda,Western Bulldogs,12277,Marcus Bontempelli,0.0407467151314154,0.131505580153846,0.209789112577604,0.617958603313003,2.40495961524806,3
10,Western Bulldogs,St Kilda,Western Bulldogs,12172,Jack Macrae,0.0856069838290512,0.338089108893488,0.318990433974908,0.25731346212668,1.74801036322334,2
10,Western Bulldogs,St Kilda,Western Bulldogs,12362,Bailey Dale,0.0847931320883467,0.389364952696836,0.313605193060691,0.212236703527673,1.65328544940123,1
10,Fremantle,Sydney,Fremantle,12289,Rory Lobb,0.0487376870633401,0.136482881519384,0.275906257037185,0.538873189281251,2.30491496343751,3
10,Fremantle,Sydney,Sydney,11385,Lance Franklin,0.0641268719201856,0.196276415683602,0.351936088223249,0.387660616722381,2.06313044229724,2
10,Fremantle,Sydney,Fremantle,11844,Nat Fyfe,0.0553550271811119,0.222835173929735,0.326683257376435,0.395126552688588,2.06158134674837,1
10,Greater Western Sydney,West Coast,Greater Western Sydney,11683,Callan Ward,0.0599817372200359,0.260915489768531,0.319474479870403,0.359628274514576,1.97874927305306,3
10,Greater Western Sydney,West Coast,Greater Western Sydney,12262,Josh Kelly,0.0639381119254428,0.310111216622873,0.301655463968977,0.324295192581545,1.88630772230546,2
10,Greater Western Sydney,West Coast,Greater Western Sydney,12766,Tom Green,0.0613263684747031,0.278186616203363,0.377149876183145,0.283337150314658,1.88249781951363,1
10,Collingwood,Port Adelaide,Collingwood,12223,Brodie Grundy,0.053957682438227,0.19725417576477,0.320515865150605,0.428272298998138,2.12310280306039,3
10,Collingwood,Port Adelaide,Port Adelaide,11585,Robbie Gray,0.110034438857275,0.31239312796584,0.3354649246251,0.242107516002364,1.70964552522313,2
10,Collingwood,Port Adelaide,Port Adelaide,11591,Travis Boak,0.106078689483717,0.340332629696519,0.361363439066307,0.192225264105196,1.63973530014472,1
10,Essendon,North Melbourne,Essendon,12414,Darcy Parish,0.0399278578903451,0.1083520800492,0.268764894940283,0.582955174570752,2.39474739364202,3
10,Essendon,North Melbourne,Essendon,12249,Zach Merrett,0.0606524854986207,0.254661368763756,0.444980003848785,0.239706153064709,1.86373983565545,2
10,Essendon,North Melbourne,Essendon,12505,Andrew McGrath,0.124039790929198,0.276749717133908,0.34618374964169,0.253026764646943,1.72819751035812,1
11,Western Bulldogs,Melbourne,Melbourne,12411,Clayton Oliver,0.0411768232478678,0.131723125150781,0.256465982163841,0.570634054536348,2.3565572530875,3
11,Western Bulldogs,Melbourne,Melbourne,11972,Max Gawn,0.0598115818850507,0.232966054612327,0.319164503683443,0.388057863544469,2.0354686526126202,2
11,Western Bulldogs,Melbourne,Melbourne,12437,Christian Petracca,0.0790874725935295,0.258603312040521,0.405492644174399,0.256816574916839,1.84003832513983,1
11,Collingwood,Geelong,Geelong,11554,Tom Hawkins,0.041654064340774,0.115038633066113,0.246607876358959,0.596699429959443,2.39835267566236,3
11,Collingwood,Geelong,Geelong,12513,Brandan Parfitt,0.051459838444207,0.21388775095339,0.29935875686966,0.43529362765571,2.11848614765984,2
11,Collingwood,Geelong,Geelong,11552,Joel Selwood,0.0804255760286079,0.399211344113824,0.341127964404059,0.179235122904087,1.6191726416342,1
11,Brisbane Lions,Greater Western Sydney,Brisbane Lions,11718,Mitch Robinson,0.0428010979159744,0.15153356262219,0.25157736275922,0.554087980427905,2.31695222942434,3
11,Brisbane Lions,Greater Western Sydney,Brisbane Lions,12082,Dayne Zorko,0.0408319444396621,0.147755565608797,0.300870568740096,0.510541932387315,2.28112250025093,2
11,Brisbane Lions,Greater Western Sydney,Greater Western Sydney,11683,Callan Ward,0.122622188777908,0.433007437310175,0.322007076648215,0.122363312164861,1.44411152710119,1
11,St Kilda,North Melbourne,St Kilda,12256,Luke Dunstan,0.04103504501491,0.161216457874495,0.20686637055602,0.590882148906315,2.34759564570548,3
11,St Kilda,North Melbourne,St Kilda,12377,Jack Steele,0.0688216274057513,0.270308503619512,0.395385844829807,0.265484020419638,1.85753225453804,2
11,St Kilda,North Melbourne,St Kilda,12161,Brad Crouch,0.167161556973467,0.353851406636947,0.282518883028777,0.196468131009065,1.50829356572169,1
11,Gold Coast,Hawthorn,Gold Coast,12329,Touk Miller,0.0428027978624105,0.152676917665032,0.319212752511478,0.485307513334627,2.24702496269187,3
11,Gold Coast,Hawthorn,Gold Coast,12703,Jack Lukosius,0.0509495987657789,0.251351497720998,0.331954083210594,0.365744820302628,2.01249412505007,2
11,Gold Coast,Hawthorn,Gold Coast,12039,Brandon Ellis,0.109038115821442,0.425130055800171,0.313144819095771,0.152687016733195,1.5094807441913,1
11,West Coast,Essendon,Essendon,12414,Darcy Parish,0.0450110017262658,0.164953131818613,0.234052622541391,0.555983247639019,2.30100811981845,3
11,West Coast,Essendon,Essendon,12249,Zach Merrett,0.0571675140191244,0.224736511634572,0.33602069770619297,0.38207529154127,2.04300378167077,2
11,West Coast,Essendon,West Coast,12260,Dom Sheed,0.0901436790325858,0.401199862826006,0.331439207099135,0.17721723241582,1.59572997427173,1
11,Richmond,Adelaide,Richmond,11582,Jack Riewoldt,0.0429570196841388,0.140388883588755,0.21601021702987,0.600643894598397,2.37434100144368,3
11,Richmond,Adelaide,Richmond,11671,Trent Cotchin,0.0972365478397286,0.412048131773331,0.291640287029107,0.199075018456672,1.59255376120156,2
11,Richmond,Adelaide,Richmond,12542,Shai Bolton,0.138428048833513,0.362665007215529,0.331247506867531,0.167659429632844,1.52813830984912,1
11,Sydney,Carlton,Sydney,12331,Isaac Heeney,0.0360561299343825,0.100957017849694,0.16592462648526,0.69706220337892,2.52399288095697,3
11,Sydney,Carlton,Carlton,12269,Patrick Cripps,0.0618733501690797,0.362001508843933,0.39992389582825,0.176201237708155,1.6904530136249,2
11,Sydney,Carlton,Sydney,11677,Josh P. Kennedy,0.123896045096678,0.37373230264726,0.297926707847852,0.204444944408208,1.58292055156759,1
11,Port Adelaide,Fremantle,Port Adelaide,12155,Ollie Wines,0.042349130170914,0.141965657299106,0.301141687193284,0.514543555139018,2.28787969710272,3
11,Port Adelaide,Fremantle,Port Adelaide,11915,Charlie Dixon,0.0574423479040502,0.229763236084128,0.332397559735322,0.380396863727079,2.03574894673601,2
11,Port Adelaide,Fremantle,Port Adelaide,11585,Robbie Gray,0.129772002829105,0.421780018680837,0.340066430226097,0.108381540813378,1.42705750157316,1
12,Melbourne,Brisbane Lions,Melbourne,12437,Christian Petracca,0.0326117234505547,0.0798212143442966,0.108702107570678,0.778864943458599,2.63382025986145,3
12,Melbourne,Brisbane Lions,Melbourne,12411,Clayton Oliver,0.0617245019002875,0.279483059537945,0.335894467729183,0.322897948480841,1.91996584043883,2
12,Melbourne,Brisbane Lions,Melbourne,11972,Max Gawn,0.0716861993600942,0.304027249047274,0.409448605810731,0.214837934606029,1.76743826448682,1
12,Sydney,St Kilda,St Kilda,12377,Jack Steele,0.0449175281076083,0.19282357473887,0.270718652512635,0.491540263267337,2.20888166956615,3
12,Sydney,St Kilda,St Kilda,12161,Brad Crouch,0.0603688775785273,0.229192099928178,0.447127616248203,0.26331139506922,1.91338151763224,2
12,Sydney,St Kilda,St Kilda,12616,Jack Higgins,0.0791968076519682,0.299960013288784,0.321964125516332,0.298879064718785,1.8405254584778,1
12,Adelaide,Collingwood,Collingwood,12091,Jamie Elliott,0.0605622259253691,0.171753615440973,0.356156161304385,0.411528001054561,2.11864994121343,3
12,Adelaide,Collingwood,Adelaide,12171,Rory Laird,0.0621011091807588,0.262803859789941,0.458797695919565,0.216297350010894,1.82929130166175,2
12,Adelaide,Collingwood,Collingwood,12067,Jack Crisp,0.0777032668800787,0.352422166067002,0.339279696674726,0.23059485547703,1.72276612584754,1
12,Essendon,Richmond,Essendon,12414,Darcy Parish,0.0480095435956262,0.193074253547265,0.325449618900715,0.433466598857552,2.14437328792135,3
12,Essendon,Richmond,Richmond,11801,Dustin Martin,0.0573705689746345,0.2019860141993,0.293119862345478,0.447523565656456,2.13079643585962,2
12,Essendon,Richmond,Richmond,12542,Shai Bolton,0.103304882362893,0.308891211446853,0.381931978780235,0.205871942311179,1.69037099594086,1
12,Carlton,West Coast,West Coast,12607,Liam Ryan,0.0372683612599865,0.082815509344411,0.199939365734392,0.679976763661209,2.52262453179682,3
12,Carlton,West Coast,West Coast,12260,Dom Sheed,0.0577284700025034,0.266288694904134,0.35595526028196,0.320027582261982,1.938281962254,2
12,Carlton,West Coast,Carlton,12685,Sam Walsh,0.0665585484277367,0.268113691858773,0.396621618400999,0.268706156213651,1.86747539730172,1
12,Fremantle,Western Bulldogs,Western Bulldogs,12277,Marcus Bontempelli,0.0331846350576196,0.0671100695583978,0.114546361460044,0.785158933923937,2.65167959425029,3
12,Fremantle,Western Bulldogs,Western Bulldogs,12172,Jack Macrae,0.0653740091999607,0.340230437919509,0.295229897850385,0.299165655030144,1.82818719871071,2
12,Fremantle,Western Bulldogs,Fremantle,12596,Andrew Brayshaw,0.0771740399949111,0.435850450316584,0.348768227524804,0.1382072821637,1.54800875185729,1
13,Port Adelaide,Geelong,Geelong,12022,Jeremy Cameron,0.0426872665359629,0.112631295343775,0.227637509841104,0.617043913377995,2.41903805515997,3
13,Port Adelaide,Geelong,Port Adelaide,12155,Ollie Wines,0.063172114826443,0.315283465419566,0.398525755150646,0.223018683229795,1.78139102541024,2
13,Port Adelaide,Geelong,Geelong,11554,Tom Hawkins,0.0866578485412014,0.313844790390903,0.352252635175532,0.247244729617652,1.76008424959492,1
13,Sydney,Hawthorn,Hawthorn,12201,Tom Mitchell,0.0393123430271212,0.139520229311948,0.161956206454603,0.659211228656906,2.44106632819187,3
13,Sydney,Hawthorn,Hawthorn,12216,Jonathon Ceglar,0.0606097821771915,0.229588788246087,0.306997493592271,0.402803924808577,2.05199554985636,2
13,Sydney,Hawthorn,Hawthorn,12753,Changkuoth Jiath,0.0963558767130153,0.375277016315596,0.283869418260494,0.244497703612055,1.67650896367275,1
13,Fremantle,Gold Coast,Fremantle,12555,Sean Darcy,0.0610817933537769,0.190293176980127,0.318152823264895,0.43047222130236,2.118015487417,3
13,Fremantle,Gold Coast,Fremantle,11409,David Mundy,0.0858673356251004,0.318788963524165,0.338524597911805,0.256819095488347,1.76629544581282,2
13,Fremantle,Gold Coast,Gold Coast,12329,Touk Miller,0.0639508438753042,0.357409295900938,0.406077660563263,0.172562203385783,1.68725122718481,1
13,St Kilda,Adelaide,St Kilda,12377,Jack Steele,0.0502372987849273,0.210868130025514,0.358937441376336,0.379957137263802,2.06861442456959,1
13,St Kilda,Adelaide,Adelaide,12171,Rory Laird,0.0525825421963417,0.283315697178684,0.2427402060835,0.421361573167924,2.03288082884945,3
13,St Kilda,Adelaide,Adelaide,12043,Paul Seedsman,0.0780497860854673,0.302698002574899,0.352990840996519,0.266261370343113,1.80746379559727,1
13,North Melbourne,Greater Western Sydney,Greater Western Sydney,12262,Josh Kelly,0.0416643829997399,0.143630832624646,0.258351310377567,0.556353481448626,2.32939389772566,3
13,North Melbourne,Greater Western Sydney,North Melbourne,11843,Ben Cunnington,0.0910795726292429,0.354777823504327,0.390844634673574,0.163297958016985,1.62636096690243,2
13,North Melbourne,Greater Western Sydney,North Melbourne,12047,Aaron Hall,0.10633491890649,0.425367944595798,0.310398966528159,0.157898184870713,1.51986043226425,1
13,West Coast,Richmond,West Coast,11492,Josh J. Kennedy,0.0500076922890837,0.169455670366033,0.319246472683553,0.461290146034877,2.19181905383777,3
13,West Coast,Richmond,West Coast,11773,Nic Naitanui,0.103145153401437,0.320359395188608,0.333866751264438,0.242628703870806,1.7159790093299,2
13,West Coast,Richmond,West Coast,11484,Shannon Hurn,0.106209415245661,0.403025333217055,0.313774299214351,0.176990974674673,1.56154685566977,1
13,Melbourne,Collingwood,Collingwood,12333,Jordan De Goey,0.0521925606679515,0.177197845745969,0.253672383053165,0.516937225434074,2.23535428815452,3
13,Melbourne,Collingwood,Collingwood,12380,Brayden Maynard,0.0521028456835753,0.236762898337921,0.329029531285879,0.382104724692623,2.04113613498755,2
13,Melbourne,Collingwood,Collingwood,11506,Scott Pendlebury,0.0601095550879678,0.243653218007163,0.30045067952605,0.395786539928238,2.03191419684397,1
14,Geelong,Western Bulldogs,Geelong,12514,Tom Stewart,0.0543541076190425,0.230766555458988,0.279441322722737,0.435438010473941,2.09596323232628,3
14,Geelong,Western Bulldogs,Western Bulldogs,12277,Marcus Bontempelli,0.0561301774339101,0.269522330749231,0.440059361078808,0.234288123287469,1.85250542276925,2
14,Geelong,Western Bulldogs,Geelong,12474,Sam Menegola,0.0620363376809857,0.3664175513107,0.348153719833971,0.22339237254789,1.73290210862231,1
14,Gold Coast,Port Adelaide,Port Adelaide,12155,Ollie Wines,0.0327458263060991,0.0964605502682388,0.130535937144052,0.740257675105738,2.57830544987356,3
14,Gold Coast,Port Adelaide,Port Adelaide,11825,Steven Motlop,0.0625587107703691,0.340714319600976,0.354469620823886,0.242257348804768,1.77642560766305,2
14,Gold Coast,Port Adelaide,Gold Coast,12329,Touk Miller,0.123596390193649,0.413724741872485,0.351571267715975,0.111107577866147,1.45019001090287,1
14,North Melbourne,Brisbane Lions,Brisbane Lions,12073,Jarryd Lyons,0.0463674306608833,0.17602455407886,0.335067894247355,0.442540124738191,2.1737807167881402,3
14,North Melbourne,Brisbane Lions,Brisbane Lions,12061,Lachie Neale,0.0624555425266922,0.223861036115662,0.326803052998789,0.386880364633565,2.03810823601393,2
14,North Melbourne,Brisbane Lions,Brisbane Lions,12526,Hugh McCluggage,0.0982370504708668,0.297770254193275,0.319552666647394,0.284440021237882,1.79019565120171,1
14,Greater Western Sydney,Carlton,Greater Western Sydney,12026,Toby Greene,0.0487517640422511,0.170119339897501,0.276929397171835,0.50419947281138,2.23657655267531,3
14,Greater Western Sydney,Carlton,Greater Western Sydney,12447,Jacob Hopper,0.0635432310976304,0.22902139810163,0.318456671090016,0.388978692260142,2.03287081706209,2
14,Greater Western Sydney,Carlton,Greater Western Sydney,12557,Jeremy Finlayson,0.0761552826122795,0.33272674838947,0.389480049433754,0.201637945641527,1.71660068418156,1
14,Hawthorn,Essendon,Essendon,12173,Jake Stringer,0.0341071088261384,0.0863502410703008,0.138818079562373,0.740724548189444,2.58616004476338,3
14,Hawthorn,Essendon,Hawthorn,12201,Tom Mitchell,0.0964344348583458,0.397955096866524,0.32684643919609,0.178764036529619,1.58794008484756,2
14,Hawthorn,Essendon,Essendon,12809,Sam Draper,0.139477731257629,0.334340321346178,0.38155192025921,0.1446300196864,1.5313342209238,1
15,Brisbane Lions,Geelong,Brisbane Lions,12082,Dayne Zorko,0.051046793105542,0.186745906567372,0.394621653661081,0.367585676468326,2.07874624329451,3
15,Brisbane Lions,Geelong,Brisbane Lions,12284,Charlie Cameron,0.134330888251996,0.294931115664702,0.287287512321096,0.283450476311623,1.71985756924176,2
15,Brisbane Lions,Geelong,Brisbane Lions,12625,Oscar McInerney,0.135624722192512,0.384020561103243,0.344617830343843,0.135736901261562,1.48046692557561,1
15,Richmond,St Kilda,St Kilda,12256,Luke Dunstan,0.0364594488620386,0.110523889085814,0.162173149393904,0.690843512658242,2.50740072584835,3
15,Richmond,St Kilda,St Kilda,12377,Jack Steele,0.0528446589790527,0.210794265967563,0.420077143279751,0.316283961575954,1.99980043725493,2
15,Richmond,St Kilda,St Kilda,12426,Dougal Howard,0.112760029831037,0.444955064160418,0.323929070112695,0.118355828445268,1.44788068972161,1
15,Collingwood,Fremantle,Fremantle,11409,David Mundy,0.0688804369741178,0.213245723389318,0.299381181877551,0.418492665209592,2.0674860827732,3
15,Collingwood,Fremantle,Fremantle,12596,Andrew Brayshaw,0.0906183785188245,0.361199989281531,0.351808157789731,0.196373470684622,1.65393671691486,2
15,Collingwood,Fremantle,Fremantle,12289,Rory Lobb,0.172,0.382,0.301,0.145,1.42,1
15,North Melbourne,Gold Coast,North Melbourne,11843,Ben Cunnington,0.0537137137000356,0.220347721358016,0.311964764117906,0.413973808274621,2.08619867441769,3
15,North Melbourne,Gold Coast,North Melbourne,12511,Jy Simpkin,0.0546123113466576,0.243881260021246,0.31714342055343703,0.384362996902787,2.03125709183648,2
15,North Melbourne,Gold Coast,North Melbourne,11692,Todd Goldstein,0.0554480603632623,0.2374854839802,0.391765263485506,0.315301207072191,1.96691963216778,1
15,Port Adelaide,Sydney,Port Adelaide,11591,Travis Boak,0.0518721573448093,0.25496627877008,0.275823036688504,0.417338508570154,2.05862787785755,3
15,Port Adelaide,Sydney,Sydney,11958,Luke Parker,0.0674606272348614,0.271000941381198,0.443469466229473,0.218068935352143,1.81214667989657,2
15,Port Adelaide,Sydney,Port Adelaide,11915,Charlie Dixon,0.0981935619347201,0.32227381388493,0.321181671604244,0.258350952576104,1.73969001482173,1
15,Essendon,Melbourne,Essendon,12249,Zach Merrett,0.0632878868624473,0.264702134808577,0.418082071410312,0.25392788084163,1.86264992015409,3
15,Essendon,Melbourne,Melbourne,12437,Christian Petracca,0.102796259212736,0.281684958199887,0.348926188832429,0.266592601205527,1.77931513948132,2
15,Essendon,Melbourne,Melbourne,12411,Clayton Oliver,0.123489975146233,0.327941468542997,0.337497416312957,0.211071125096649,1.63614967645886,1
15,Greater Western Sydney,Hawthorn,Hawthorn,12201,Tom Mitchell,0.0473539214505465,0.191444375259278,0.284079570987854,0.477122150928772,2.1909699700213,3
15,Greater Western Sydney,Hawthorn,Hawthorn,12794,Will Day,0.0841515823522392,0.376097988317952,0.291076516686781,0.248673927544188,1.70427280432408,2
15,Greater Western Sydney,Hawthorn,Hawthorn,12710,Dylan Moore,0.0764170790891708,0.403573216194463,0.333812361537053,0.186197335728731,1.62978994645476,1
15,West Coast,Western Bulldogs,Western Bulldogs,12277,Marcus Bontempelli,0.0336862227700671,0.0732575809738505,0.138896949418337,0.754159254288325,2.6135292426755,3
15,West Coast,Western Bulldogs,Western Bulldogs,12698,Bailey Smith,0.0457859768424895,0.177952351066746,0.441224990542355,0.335036659196666,2.06551230974145,2
15,West Coast,Western Bulldogs,Western Bulldogs,12172,Jack Macrae,0.0650594268435172,0.358164557528451,0.372262566236372,0.204513449391659,1.71623003817617,1
15,Carlton,Adelaide,Carlton,12685,Sam Walsh,0.0384302775963082,0.131524860075686,0.157668633101469,0.672376247852987,2.46399086983758,3
15,Carlton,Adelaide,Carlton,12181,Zac Williams,0.0575392791003376,0.35759944881708,0.372129853816277,0.212731399639852,1.74005335536919,2
15,Carlton,Adelaide,Adelaide,12171,Rory Laird,0.0725891879123709,0.418612813023269,0.328361741054754,0.180436258009604,1.61664506916159,1
16,Gold Coast,Richmond,Gold Coast,12329,Touk Miller,0.0409626247065136,0.142156532097155,0.246664387875068,0.57021647022242306,2.34613471851456,3
16,Gold Coast,Richmond,Gold Coast,12506,Ben Ainsworth,0.106753241877342,0.383612985543716,0.329392121460145,0.180241666019956,1.58312222652387,2
16,Gold Coast,Richmond,Richmond,11953,Tom J. Lynch,0.0947293384788422,0.418393593704961,0.346776491964149,0.140100579577336,1.53224831636527,1
16,Geelong,Essendon,Geelong,11706,Patrick Dangerfield,0.0323798104504974,0.0938084416431389,0.145989067124584,0.727822680781778,2.56925461823764,3
16,Geelong,Essendon,Essendon,12414,Darcy Parish,0.0501068162582642,0.279462491102023,0.285688626783998,0.384742095658036,2.00506603164413,2
16,Geelong,Essendon,Geelong,11554,Tom Hawkins,0.107451079752375,0.321991292834343,0.334064624456666,0.236493025308356,1.69959961767274,1
16,Melbourne,Greater Western Sydney,Greater Western Sydney,12262,Josh Kelly,0.0412829595914488,0.131600319953738,0.215331908226319,0.611784812228492,2.39761857309185,3
16,Melbourne,Greater Western Sydney,Greater Western Sydney,12512,Tim Taranto,0.0599819591330679,0.342111765479324,0.387500191550766,0.21040608011155,1.7483303889155,2
16,Melbourne,Greater Western Sydney,Greater Western Sydney,11683,Callan Ward,0.107045043462106,0.315788821488616,0.362019104560458,0.215147037939399,1.68526814442773,1
16,Adelaide,Brisbane Lions,Brisbane Lions,12073,Jarryd Lyons,0.050786075316155,0.225841108512711,0.328302994794165,0.395069836278129,2.06765660693542,3
16,Adelaide,Brisbane Lions,Brisbane Lions,12617,Zac Bailey,0.0572279225429513,0.27185728529688,0.395311789120464,0.275603010490284,1.88928989500866,2
16,Adelaide,Brisbane Lions,Brisbane Lions,12094,Lincoln McCarthy,0.0723131888029744,0.337288798927793,0.391142945639136,0.199255081531257,1.71733993479983,1
16,Fremantle,Carlton,Fremantle,12555,Sean Darcy,0.0711789259337675,0.221422478220038,0.399139800235546,0.308258806786518,1.94447849905068,3
16,Fremantle,Carlton,Carlton,12685,Sam Walsh,0.0694523699616608,0.333081764758002,0.315487492721276,0.281978365108478,1.80999184552599,2
16,Fremantle,Carlton,Carlton,12410,Jacob Weitering,0.0993730535581653,0.366422396192434,0.315978399894347,0.218226180157375,1.65305773645325,1
16,Hawthorn,Port Adelaide,Port Adelaide,12155,Ollie Wines,0.0339866758992296,0.0928752266580139,0.112672394811787,0.760465698905678,2.59961711299862,3
16,Hawthorn,Port Adelaide,Port Adelaide,11591,Travis Boak,0.123365949722066,0.389017020706157,0.317396428889341,0.170220608133015,1.53447170288388,2
16,Hawthorn,Port Adelaide,Port Adelaide,12429,Darcy Byrne-Jones,0.117977066476334,0.414901867972484,0.283344197207977,0.18377685344204,1.53292082271456,1
16,Sydney,West Coast,Sydney,12418,Callum Mills,0.0491963678364798,0.201750405690142,0.292896622389967,0.456156581731668,2.15601339566508,3
16,Sydney,West Coast,Sydney,12501,Oliver Florent,0.15691583867748,0.354851836188332,0.318292450523596,0.169939859709428,1.50125631636381,2
16,Sydney,West Coast,Sydney,12417,George Hewett,0.154776089144558,0.369800811430953,0.320144722449236,0.155278362074089,1.47592534255169,1
16,Collingwood,St Kilda,St Kilda,12377,Jack Steele,0.0367769826383022,0.124301850038217,0.190314064629648,0.648607098968541,2.45075127620314,3
16,Collingwood,St Kilda,St Kilda,12256,Luke Dunstan,0.0755557624568161,0.350506393706951,0.384614499876891,0.189323325332888,1.6877053694594,2
16,Collingwood,St Kilda,Collingwood,12333,Jordan De Goey,0.096334391157241,0.322478041480159,0.40643298985366,0.174754584959519,1.65960777606603,1
16,Western Bulldogs,North Melbourne,North Melbourne,11843,Ben Cunnington,0.0598413812842144,0.246584059336725,0.308614715239593,0.384959847864757,2.01869303341018,3
16,Western Bulldogs,North Melbourne,Western Bulldogs,12801,Cody Weightman,0.074001198157648,0.36975527914022,0.369157125817899,0.187086411785393,1.66932876613219,2
16,Western Bulldogs,North Melbourne,Western Bulldogs,11904,Tom Liberatore,0.0874879416270746,0.389627620975692,0.374705453897485,0.148178976049166,1.58357545691816,1
17,Port Adelaide,Melbourne,Melbourne,12437,Christian Petracca,0.0312359762622518,0.0682793641382679,0.115204191859649,0.785280475190411,2.6545291734288,3
17,Port Adelaide,Melbourne,Melbourne,12411,Clayton Oliver,0.0670054368947548,0.271990271015063,0.421007525734275,0.239996781257067,1.83399566625481,2
17,Port Adelaide,Melbourne,Melbourne,12015,Tom McDonald,0.0700380155071372,0.368193470804727,0.371662628895459,0.190105892243256,1.68183640532541,1
17,Essendon,Adelaide,Essendon,12249,Zach Merrett,0.0359329117594852,0.0922462287570719,0.225143387706314,0.646677479227708,2.48256544185282,3
17,Essendon,Adelaide,Essendon,12445,Mason Redman,0.0743086662376864,0.386315231693373,0.363454762822316,0.175921365323656,1.64098885330897,2
17,Essendon,Adelaide,Essendon,12173,Jake Stringer,0.091232097942511,0.408683430089853,0.327207661327773,0.172876821815733,1.58172921819259,1
17,Hawthorn,Fremantle,Fremantle,12555,Sean Darcy,0.0424408598920604,0.137188453105109,0.274275704040881,0.546094982961948,2.32402481007271,3
17,Hawthorn,Fremantle,Fremantle,12786,Caleb Serong,0.0731972256305179,0.376945563134309,0.342550118157642,0.2073071042534,1.68396711220979,1
17,Hawthorn,Fremantle,Fremantle,11844,Nat Fyfe,0.0793915920765671,0.357949695810547,0.375553179188189,0.187105536649986,1.67037266413688,2
17,Carlton,Geelong,Carlton,12685,Sam Walsh,0.0510142355983027,0.171722425225685,0.291286451238778,0.485976895387813,2.21222601386668,3
17,Carlton,Geelong,Geelong,11979,Zach Tuohy,0.0886795325921592,0.257433028971403,0.372014906738338,0.281872539148678,1.84708045989411,2
17,Carlton,Geelong,Geelong,12514,Tom Stewart,0.102360563132242,0.425173961009539,0.298014993554655,0.174450467402401,1.54455535032605,1
17,Brisbane Lions,St Kilda,St Kilda,12377,Jack Steele,0.0433825670832749,0.138204019537737,0.250919680233745,0.567493755496984,2.34252464649618,3
17,Brisbane Lions,St Kilda,St Kilda,12256,Luke Dunstan,0.0707428483556209,0.300576630574905,0.356151900317117,0.272528605851195,1.83046624876272,2
17,Brisbane Lions,St Kilda,St Kilda,12294,Zak Jones,0.20979555801566,0.308791844203206,0.240346893023411,0.241065712208302,1.51268276687493,1
17,Greater Western Sydney,Gold Coast,Gold Coast,12329,Touk Miller,0.0374107945001137,0.0904133089866092,0.156968233671813,0.715207651665592,2.54997273132701,3
17,Greater Western Sydney,Gold Coast,Gold Coast,12039,Brandon Ellis,0.0771034248768377,0.34290753118464,0.32229864016162,0.257690403776902,1.76057602283858,2
17,Greater Western Sydney,Gold Coast,Greater Western Sydney,12447,Jacob Hopper,0.0572337067266486,0.313925782814803,0.443340377949835,0.185500169761616,1.75710704799932,1
17,Western Bulldogs,Sydney,Sydney,12519,Jordan Dawson,0.0448901482942487,0.176471128193242,0.235413397259404,0.543225322527814,2.27697389029549,3
17,Western Bulldogs,Sydney,Sydney,12418,Callum Mills,0.134610868807132,0.325082282654024,0.304228177936623,0.236078663151638,1.64177462798218,2
17,Western Bulldogs,Sydney,Sydney,11958,Luke Parker,0.117899233166117,0.3958845929514,0.316931677808554,0.169284488623346,1.53760141443855,1
17,Richmond,Collingwood,Collingwood,12070,Taylor Adams,0.0433454923000414,0.157260090634837,0.231887659466328,0.567506761324083,2.32355569353974,3
17,Richmond,Collingwood,Collingwood,12067,Jack Crisp,0.052885848903161,0.216917673118527,0.324736125877402,0.405460337199747,2.08277093647257,2
17,Richmond,Collingwood,Collingwood,12333,Jordan De Goey,0.0546899787616979,0.274938073123925,0.392528992088784,0.27784294112443,1.89352488067478,1
17,West Coast,North Melbourne,North Melbourne,12598,Jaidyn Stephenson,0.033463160440029,0.104351767121829,0.142165220078973,0.720019848633877,2.54874175318141,3
17,West Coast,North Melbourne,North Melbourne,11843,Ben Cunnington,0.0948923330237219,0.385187265046125,0.307955865172737,0.211964544207995,1.63699262801558,2
17,West Coast,North Melbourne,West Coast,11773,Nic Naitanui,0.1181626420143,0.376855912189224,0.35814559348075,0.146835844865143,1.53365463374615,1
18,Fremantle,Geelong,Geelong,11894,Cameron Guthrie,0.0430711084136791,0.161057203005719,0.286989301092643,0.508882398663828,2.26168300118249,2
18,Fremantle,Geelong,Geelong,12474,Sam Menegola,0.0453029415857565,0.198123867325045,0.282402561959003,0.474170603053162,2.18544080040253,1
18,Fremantle,Geelong,Geelong,11706,Patrick Dangerfield,0.121,0.323,0.334,0.222,1.66,3
18,Richmond,Brisbane Lions,Richmond,11582,Jack Riewoldt,0.0391637200943127,0.0936236043657921,0.216672736816076,0.65053994989969,2.47858892769701,3
18,Richmond,Brisbane Lions,Richmond,12491,Mabior Chol,0.0970459180723429,0.33510418352822,0.386333074017849,0.181516824381587,1.65232080470868,2
18,Richmond,Brisbane Lions,Richmond,12379,Toby Nankervis,0.0916171166974799,0.409800817889522,0.338841686577647,0.159740382560639,1.56670533872673,1
18,St Kilda,Port Adelaide,Port Adelaide,12155,Ollie Wines,0.034101152806691,0.0724153157682667,0.118294311683692,0.77518923091722,2.63457163188731,3
18,St Kilda,Port Adelaide,St Kilda,12377,Jack Steele,0.0655912825860933,0.281345825521084,0.413384542675018,0.239678352943094,1.8271499697004,2
18,St Kilda,Port Adelaide,Port Adelaide,12365,Karl Amon,0.10345661271971,0.403401163972549,0.327226071288149,0.16591615201959,1.55560176260762,1
18,Gold Coast,Western Bulldogs,Western Bulldogs,12277,Marcus Bontempelli,0.0499867568459369,0.202650564046127,0.214112318524676,0.533250345682098,2.23062623814177,3
18,Gold Coast,Western Bulldogs,Western Bulldogs,12698,Bailey Smith,0.082427741191814,0.333412721461287,0.331093887443436,0.253065664804623,1.75479749076203,2
18,Gold Coast,Western Bulldogs,Gold Coast,12329,Touk Miller,0.0634480275641208,0.376398653498777,0.384359679430941,0.17579363578087,1.67249891970327,1
18,Melbourne,Hawthorn,Hawthorn,12201,Tom Mitchell,0.0451552200956383,0.184496083468301,0.288474712165074,0.481873984270985,2.2070674606114,3
18,Melbourne,Hawthorn,Melbourne,12411,Clayton Oliver,0.0693983996259766,0.340842646176832,0.406213517502566,0.183545421793464,1.70390594656235,2
18,Melbourne,Hawthorn,Melbourne,12437,Christian Petracca,0.133743637084276,0.348157379080627,0.361527753374062,0.156571223010453,1.54092655486011,1
18,North Melbourne,Essendon,Essendon,12173,Jake Stringer,0.0629762382308424,0.161568005784623,0.356189216101825,0.419266521256257,2.13174600175704,3
18,North Melbourne,Essendon,Essendon,12414,Darcy Parish,0.0511509189585427,0.207349893124861,0.325056620376062,0.416442567540533,2.10679083649858,2
18,North Melbourne,Essendon,Essendon,12249,Zach Merrett,0.054842496600487,0.215314781513525,0.334323905580626,0.395518823755941,2.0705190639426,1
18,Collingwood,Carlton,Carlton,12685,Sam Walsh,0.0342199905855527,0.088707355951362,0.134259026911284,0.742813656354124,2.5856663788363,3
18,Collingwood,Carlton,Carlton,12463,Matthew Kennedy,0.0841681124851435,0.372357519028402,0.327204834868871,0.216269526167002,1.67557576726715,2
18,Collingwood,Carlton,Collingwood,12333,Jordan De Goey,0.150811762805584,0.333452478810925,0.342500950184751,0.173234800748156,1.5381587814249,1
18,Adelaide,West Coast,West Coast,11942,Jamie Cripps,0.0397809260728086,0.0970054618352168,0.232992164928045,0.630221469515671,2.45365420023832,3
18,Adelaide,West Coast,West Coast,12093,Elliot Yeo,0.086741503375212,0.361622941516136,0.362413989249318,0.189221543507591,1.65411555053754,2
18,Adelaide,West Coast,West Coast,11909,Andrew Gaff,0.148227094054082,0.373873283205119,0.339451325114136,0.138448290176081,1.46812080396163,1
18,Greater Western Sydney,Sydney,Sydney,11958,Luke Parker,0.0394108846374814,0.1291212291528,0.222637875012995,0.608830007471432,2.40088700159308,3
18,Greater Western Sydney,Sydney,Sydney,11677,Josh P. Kennedy,0.0703197437448635,0.318249770340855,0.313691077954944,0.297739396783466,1.83885011660114,2
18,Greater Western Sydney,Sydney,Sydney,12419,Tom Papley,0.0874557563603503,0.321722489670546,0.346583977146229,0.244237784273453,1.74760379678336,1
19,Port Adelaide,Collingwood,Port Adelaide,12694,Willem Drew,0.0560415933925039,0.192672248083898,0.352176750559455,0.399109426590593,2.09435402897459,3
19,Port Adelaide,Collingwood,Collingwood,12067,Jack Crisp,0.0789317108743699,0.338759387760224,0.392485508218682,0.189823411773173,1.69320063951711,2
19,Port Adelaide,Collingwood,Port Adelaide,12155,Ollie Wines,0.0971983593254273,0.366214331507016,0.351416089703906,0.185171241815391,1.624560236361,1
19,Carlton,North Melbourne,North Melbourne,12569,Nick Larkey,0.045418950325031,0.141295768153462,0.30445353486946,0.508831757827916,2.27669811137613,3
19,Carlton,North Melbourne,North Melbourne,12511,Jy Simpkin,0.0598389391670868,0.225203621142151,0.30484611606233,0.410111327353721,2.06522983532797,2
19,Carlton,North Melbourne,North Melbourne,12707,Tarryn Thomas,0.0559268204572038,0.339628422140935,0.366741202718866,0.237703539781832,1.78622144692416,1
19,Brisbane Lions,Gold Coast,Brisbane Lions,12625,Oscar McInerney,0.066874552650877,0.166115275546092,0.383108898086527,0.383901284892374,2.08403692639627,3
19,Brisbane Lions,Gold Coast,Brisbane Lions,12073,Jarryd Lyons,0.0545379964099649,0.338091380067376,0.348192698461375,0.259177932511864,1.81201057452571,2
19,Brisbane Lions,Gold Coast,Brisbane Lions,12205,Joe Daniher,0.389,0.322,0.162,0.127,1.03,1
19,West Coast,St Kilda,West Coast,12260,Dom Sheed,0.0490168520260348,0.208717733943617,0.306725307931953,0.435540120999555,2.12878871280619,3
19,West Coast,St Kilda,St Kilda,12771,Max King,0.070378921598935,0.236139685046895,0.424813712727432,0.268667676901446,1.8917701412061,2
19,West Coast,St Kilda,West Coast,12605,Tim Kelly,0.0793007706088483,0.300970055342984,0.308438516907946,0.311290645964349,1.85171902705192,1
19,Adelaide,Hawthorn,Adelaide,12171,Rory Laird,0.0303124094535204,0.0594107384385453,0.0991860005362248,0.811090855296999,2.69105530540199,3
19,Adelaide,Hawthorn,Adelaide,12483,Reilly O'Brien,0.136846542918796,0.434891370881072,0.295604106440344,0.132657957408044,1.42407345598589,2
19,Adelaide,Hawthorn,Hawthorn,12710,Dylan Moore,0.207017800858447,0.421651121060403,0.27215525147972,0.099175819150848,1.26348908147238,1
19,Melbourne,Western Bulldogs,Western Bulldogs,12277,Marcus Bontempelli,0.0404657530861939,0.139359685232178,0.202633917578287,0.61754065527921,2.39724948622638,3
19,Melbourne,Western Bulldogs,Western Bulldogs,12382,Caleb Daniel,0.0425178451560849,0.179038133997726,0.291294437754911,0.487149575640697,2.22307573642964,2
19,Melbourne,Western Bulldogs,Western Bulldogs,12172,Jack Macrae,0.0545009824292446,0.255457337198363,0.399130892382458,0.290910780539353,1.92645146358133,1
19,Essendon,Greater Western Sydney,Greater Western Sydney,12147,Lachie Whitfield,0.0394556160478414,0.13284399170139,0.219188139247032,0.608512223201414,2.39675693979969,3
19,Essendon,Greater Western Sydney,Greater Western Sydney,12766,Tom Green,0.0622933195856135,0.29910717414402,0.360332968422967,0.27826655274856,1.85457276923563,2
19,Essendon,Greater Western Sydney,Greater Western Sydney,12651,Sam Taylor,0.176083038397303,0.475154845611371,0.261474120151714,0.0872879697625785,1.25996699520253,1
19,Geelong,Richmond,Geelong,11706,Patrick Dangerfield,0.0344507618110266,0.0838841047622424,0.134676047432842,0.746989082268597,2.59420344643372,3
19,Geelong,Richmond,Geelong,11894,Cameron Guthrie,0.0729430497310212,0.307486352580178,0.422155279552779,0.197415333037182,1.74404291079728,2
19,Geelong,Richmond,Geelong,11554,Tom Hawkins,0.0960484897540624,0.360999369851573,0.371414352651453,0.171537802644072,1.61844148308669,1
19,Sydney,Fremantle,Sydney,12331,Isaac Heeney,0.0393714663247548,0.133822084197924,0.206768854095342,0.620037584206107,2.40747254500693,3
19,Sydney,Fremantle,Sydney,11677,Josh P. Kennedy,0.0568181596906578,0.243405890057732,0.442386243309426,0.257389714392764,1.90034751985487,2
19,Sydney,Fremantle,Sydney,11958,Luke Parker,0.0621832434248919,0.296056573619045,0.425044306931019,0.216715864849172,1.7962927820286,1
20,St Kilda,Carlton,Carlton,12685,Sam Walsh,0.0533379586414782,0.21603613470445,0.354835673118366,0.375790226085124,2.05307815919655,3
20,St Kilda,Carlton,St Kilda,12377,Jack Steele,0.0553523925091379,0.274029070084561,0.402041218232372,0.268577307998056,1.88384343054347,2
20,St Kilda,Carlton,Carlton,12466,Jack Silvagni,0.0776523921181982,0.275481072839186,0.368608026335574,0.278258508707039,1.84747265163145,1
20,Western Bulldogs,Adelaide,Western Bulldogs,12362,Bailey Dale,0.0509594779419051,0.200495733069563,0.303837126282987,0.444707685057285,2.14229304080739,3
20,Western Bulldogs,Adelaide,Western Bulldogs,12172,Jack Macrae,0.0727302603415023,0.254628150252203,0.405672599481852,0.266969008550893,1.86688037486858,2
20,Western Bulldogs,Adelaide,Western Bulldogs,12382,Caleb Daniel,0.0699408426097116,0.346037064158073,0.378867556825344,0.205154555033321,1.71923584290872,1
20,North Melbourne,Geelong,Geelong,11894,Cameron Guthrie,0.040696288672743997,0.111782222450807,0.187280056884394,0.660241428266763,2.46706662101988,3
20,North Melbourne,Geelong,Geelong,12559,Zach Guthrie,0.0515857903272873,0.211536843015734,0.328976542676538,0.407900816529859,2.09319237795838,2
20,North Melbourne,Geelong,North Melbourne,12047,Aaron Hall,0.109559802532883,0.434043080940629,0.294628558383303,0.161768535791443,1.50860580508156,1
20,Collingwood,West Coast,Collingwood,12067,Jack Crisp,0.0524637781720799,0.215617337083273,0.363129562410076,0.36878933351044,2.04824446243474,3
20,Collingwood,West Coast,Collingwood,12333,Jordan De Goey,0.0562302567537552,0.270668977949303,0.37924384341391,0.29385691443245,1.91072740807447,2
20,Collingwood,West Coast,Collingwood,11759,Steele Sidebottom,0.0882750746374601,0.29077632475601,0.286711387900724,0.334237212705804,1.86691073867487,1
20,Gold Coast,Melbourne,Melbourne,12411,Clayton Oliver,0.0348724576370391,0.0940211010443404,0.191690353471932,0.679416072945526,2.51565002682478,3
20,Gold Coast,Melbourne,Melbourne,12437,Christian Petracca,0.0369621806691245,0.123188378427923,0.246424323133871,0.59342511404379,2.39631236682703,2
20,Gold Coast,Melbourne,Melbourne,11972,Max Gawn,0.0962561888212949,0.320109544990025,0.35615464598155,0.227479609031259,1.7148576640469,1
20,Hawthorn,Brisbane Lions,Hawthorn,12053,Chad Wingard,0.0435974880061813,0.132910608707956,0.352073401576993,0.47141851661003,2.25131296169203,3
20,Hawthorn,Brisbane Lions,Hawthorn,12149,Jaeger O'Meara,0.0436586423711109,0.175572309536422,0.287955993854154,0.492813039337149,2.22992341525618,2
20,Hawthorn,Brisbane Lions,Brisbane Lions,12073,Jarryd Lyons,0.063161799218915,0.291986651827312,0.402414661153647,0.242436869173673,1.82412658165562,1
20,Essendon,Sydney,Essendon,12249,Zach Merrett,0.0468988589503637,0.156153831724733,0.282274620354271,0.514672707597082,2.26472119522452,3
20,Essendon,Sydney,Sydney,12418,Callum Mills,0.0686835049530983,0.26851128052661,0.349319983750319,0.313485245671133,1.90760698504064,2
20,Essendon,Sydney,Sydney,11958,Luke Parker,0.0873223832082977,0.374424211641386,0.35174562519488,0.186507794856595,1.63743884660093,1
20,Fremantle,Richmond,Fremantle,12596,Andrew Brayshaw,0.0372787597744466,0.0839488411647009,0.209366904359773,0.669405483525209,2.51089910045987,3
20,Fremantle,Richmond,Fremantle,12610,Adam Cerra,0.0582880254003556,0.25852618851827,0.444082531658352,0.239103265598892,1.86400104863165,2
20,Fremantle,Richmond,Richmond,11921,Dion Prestia,0.13908871568242,0.433561796829601,0.300654499793941,0.126694965342294,1.41495569244436,1
20,Greater Western Sydney,Port Adelaide,Port Adelaide,12365,Karl Amon,0.036629886190358,0.104322735315189,0.186724111204325,0.672323256114256,2.4947407260666,3
20,Greater Western Sydney,Port Adelaide,Port Adelaide,12155,Ollie Wines,0.077433439537598,0.316133418866699,0.394028019426224,0.212405118444188,1.74140481305171,2
20,Greater Western Sydney,Port Adelaide,Port Adelaide,11915,Charlie Dixon,0.125756568717954,0.344638740306858,0.364023106742662,0.165581584232524,1.56942970648975,1
21,Geelong,Greater Western Sydney,Greater Western Sydney,12512,Tim Taranto,0.0408419594477837,0.137799158570384,0.1594853920676,0.661873501090102,2.44239044597589,3
21,Geelong,Greater Western Sydney,Greater Western Sydney,12651,Sam Taylor,0.0883751916797156,0.29312421119536203,0.361737792892455,0.256762804232465,1.78688820967767,2
21,Geelong,Greater Western Sydney,Greater Western Sydney,12026,Toby Greene,0.0878295650363239,0.32281175283348,0.369659100203668,0.219699567025366,1.72122865431691,1
21,Carlton,Gold Coast,Gold Coast,12329,Touk Miller,0.0319706546586015,0.059818996611934,0.115871485061331,0.792338874844003,2.6685785912666,3
21,Carlton,Gold Coast,Gold Coast,12658,Wil Powell,0.051496627379516,0.276449939281103,0.390115230497104,0.281938199116985,1.90249499762626,2
21,Carlton,Gold Coast,Gold Coast,12767,Noah Anderson,0.0681504288094314,0.350986155047608,0.368165893494792,0.212697530098747,1.72541053233343,1
21,Richmond,North Melbourne,Richmond,12584,Jack Graham,0.0416591819271261,0.128163346595692,0.236434200208749,0.593743271268432,2.38226156081848,3
21,Richmond,North Melbourne,Richmond,11921,Dion Prestia,0.0864224364337979,0.308500168767298,0.382483348641178,0.222594057333596,1.74124903805044,2
21,Richmond,North Melbourne,Richmond,12180,Nick Vlastuin,0.103265622269192,0.384265946145435,0.353288812851,0.159179633635532,1.56838247275403,1
21,Adelaide,Port Adelaide,Port Adelaide,12442,Aliir Aliir,0.0578854282374298,0.184319912156387,0.354998375438874,0.402796280442018,2.10270550436019,3
21,Adelaide,Port Adelaide,Port Adelaide,12694,Willem Drew,0.0830641030268765,0.30901622950486,0.361160399070278,0.246759268397985,1.77161483283937,2
21,Adelaide,Port Adelaide,Port Adelaide,12155,Ollie Wines,0.0958876625317134,0.344805086767188,0.374853895245009,0.184453362906668,1.64787296597721,1
21,St Kilda,Sydney,St Kilda,12377,Jack Steele,0.0391449632292875,0.127110657178967,0.262160602624973,0.57158377324148,2.36618318215335,3
21,St Kilda,Sydney,St Kilda,12572,Rowan Marshall,0.0724494397983299,0.363370187739726,0.35010412166147997,0.214076247075172,1.7058071722882,2
21,St Kilda,Sydney,St Kilda,12616,Jack Higgins,0.107351755834351,0.316657907799351,0.379129574568379,0.196860761797917,1.66549934232986,1
21,Hawthorn,Collingwood,Hawthorn,12201,Tom Mitchell,0.0318559926457332,0.0554034283905241,0.0974746942563366,0.815265899608567,2.69615051572889,3
21,Hawthorn,Collingwood,Hawthorn,12053,Chad Wingard,0.113640927367871,0.341773465762768,0.304864706295571,0.239720915474949,1.67066562477876,2
21,Hawthorn,Collingwood,Hawthorn,12477,Blake Hardwick,0.112383194883737,0.435818408922053,0.296071752220095,0.155726629072953,1.4951418005811,1
21,Western Bulldogs,Essendon,Essendon,12371,Peter Wright,0.045769325425294403,0.120933958256265,0.272380841357384,0.560915908488668,2.34844336643703,3
21,Western Bulldogs,Essendon,Essendon,12249,Zach Merrett,0.0682818415575243,0.283521827186564,0.414281328866815,0.233915032191418,1.81382958149445,2
21,Western Bulldogs,Essendon,Western Bulldogs,12277,Marcus Bontempelli,0.0633623588770863,0.322090834957198,0.382224294819542,0.232322496445011,1.78350691393131,1
21,Fremantle,Brisbane Lions,Brisbane Lions,12082,Dayne Zorko,0.0376759768734948,0.119377740071002,0.183841709701434,0.659104558452906,2.46437483483259,3
21,Fremantle,Brisbane Lions,Brisbane Lions,12205,Joe Daniher,0.0935829646691675,0.368591890549948,0.346441753266131,0.191383384064171,1.63562554927472,2
21,Fremantle,Brisbane Lions,Brisbane Lions,12073,Jarryd Lyons,0.088944007026832,0.417016238717547,0.32131870959825,0.172721059558531,1.57781683658964,1
21,West Coast,Melbourne,Melbourne,12437,Christian Petracca,0.0453119200739704,0.128035961066388,0.274234758982988,0.552417344975491,2.33375751395884,3
21,West Coast,Melbourne,West Coast,12093,Elliot Yeo,0.064614364026201,0.367101587943556,0.36833677700509,0.199947271025151,1.70361695502919,2
21,West Coast,Melbourne,West Coast,11782,Jack Redden,0.0817674332075061,0.376047971610709,0.385490131007871,0.156694479075073,1.61711167085167,1
22,Greater Western Sydney,Richmond,Greater Western Sydney,12262,Josh Kelly,0.0442189754694066,0.191009986954608,0.272991413589718,0.491779623986266,2.21233168609284,3
22,Greater Western Sydney,Richmond,Greater Western Sydney,12512,Tim Taranto,0.0518664235894768,0.214507141933162,0.335660744988739,0.397965674587459,2.07972565567301,2
22,Greater Western Sydney,Richmond,Greater Western Sydney,12447,Jacob Hopper,0.0891877930792184,0.396661660276794,0.344173575409859,0.169976982409999,1.59493975832651,1
22,Hawthorn,Western Bulldogs,Hawthorn,12368,Daniel Howe,0.0347495302582898,0.097339218194842,0.14046355589338,0.727447695653487,2.56060941694206,3
22,Hawthorn,Western Bulldogs,Hawthorn,12053,Chad Wingard,0.0757455400953341,0.266382007082928,0.321702980605202,0.336169464765954,1.91829636259119,2
22,Hawthorn,Western Bulldogs,Hawthorn,12250,Tim O'Brien,0.11450260428657,0.424623954007064,0.278817161675802,0.182056294931723,1.52842716215384,1
22,Geelong,St Kilda,Geelong,11706,Patrick Dangerfield,0.0364270050935072,0.0984133650307355,0.166189377637477,0.69897025596357,2.5277028881964,3
22,Geelong,St Kilda,Geelong,12474,Sam Menegola,0.0686925902676345,0.251034478116273,0.378282568553887,0.301990344435752,1.9135706485313,2
22,Geelong,St Kilda,Geelong,11894,Cameron Guthrie,0.0835754357751717,0.273333296443764,0.398768174853948,0.244323081751244,1.80383889140539,1
22,Port Adelaide,Carlton,Port Adelaide,11591,Travis Boak,0.0740192352501352,0.254652447727845,0.333273709211023,0.338054630162737,1.9353637566381,3
22,Port Adelaide,Carlton,Port Adelaide,12442,Aliir Aliir,0.087148332156507,0.288826164660464,0.385290853860715,0.238734634421151,1.77561177564535,2
22,Port Adelaide,Carlton,Port Adelaide,12365,Karl Amon,0.0722234499150283,0.303370993461608,0.415751571718434,0.208653973729058,1.76083605808565,1
22,Brisbane Lions,Collingwood,Brisbane Lions,12526,Hugh McCluggage,0.0556668320829911,0.24927866676641,0.373915202107708,0.321139317669341,1.96052702398985,3
22,Brisbane Lions,Collingwood,Brisbane Lions,12073,Jarryd Lyons,0.0598510989629809,0.213649142280516,0.44024027307395,0.28625947078139,1.95290810077259,2
22,Brisbane Lions,Collingwood,Brisbane Lions,12082,Dayne Zorko,0.0590040616381675,0.315981706807012,0.40721330311498,0.217800932165129,1.78381110953236,1
22,North Melbourne,Sydney,Sydney,11958,Luke Parker,0.0428705323724905,0.117059555905668,0.212697205453311,0.627372687642078,2.42457202973852,3
22,North Melbourne,Sydney,Sydney,12516,Will Hayward,0.0792000093235451,0.2151446541274,0.328743892092342,0.37691143700613,2.00336674933047,2
22,North Melbourne,Sydney,North Melbourne,12047,Aaron Hall,0.104201699428464,0.402446668129419,0.308401727948474,0.18494988586719,1.57409978162793,1
22,Melbourne,Adelaide,Melbourne,12603,Bayley Fritsch,0.0397641722741784,0.0827697778354835,0.224436855297167,0.65302920204375,2.49073109456107,3
22,Melbourne,Adelaide,Melbourne,12437,Christian Petracca,0.0649339150851237,0.278015337620899,0.427990041323918,0.229060705970057,1.82117753817891,2
22,Melbourne,Adelaide,Adelaide,12043,Paul Seedsman,0.0712568770453739,0.300566532895899,0.375573178306758,0.252603404301388,1.80952310241357,1
22,Gold Coast,Essendon,Essendon,12173,Jake Stringer,0.0363003575612943,0.107506057832477,0.183175784620756,0.673017818611922,2.49291108290975,3
22,Gold Coast,Essendon,Essendon,12414,Darcy Parish,0.0551959294774198,0.210803495019528,0.435177435567498,0.298823162287294,1.9776278530164,2
22,Gold Coast,Essendon,Essendon,12734,Nick Hind,0.0761612904116243,0.388896010011903,0.351750987650168,0.183191730552756,1.6419731769705,1
22,Fremantle,West Coast,Fremantle,12786,Caleb Serong,0.0389016537459593,0.14118742362545,0.194731972231474,0.625178965298276,2.40618826398322,3
22,Fremantle,West Coast,Fremantle,11409,David Mundy,0.0589795739689284,0.237245075400868,0.453076316382356,0.250699019346685,1.89549476620563,2
22,Fremantle,West Coast,Fremantle,12555,Sean Darcy,0.119795408925407,0.385893154309978,0.349136456564454,0.145174980200159,1.51969100803936,1
23,Western Bulldogs,Port Adelaide,Port Adelaide,11591,Travis Boak,0.0404971741404217,0.120215867146366,0.224739533759144,0.614547417503486,2.41333718717511,3
23,Western Bulldogs,Port Adelaide,Port Adelaide,12155,Ollie Wines,0.0440038030680892,0.170575235340246,0.445597595212853,0.339823358928229,2.08124050255064,2
23,Western Bulldogs,Port Adelaide,Port Adelaide,11585,Robbie Gray,0.091144801011847,0.376008278177267,0.348372363444804,0.184474561091371,1.62617668834099,1
23,Richmond,Hawthorn,Hawthorn,12053,Chad Wingard,0.0541767019447911,0.217766822639302,0.318116578478994,0.409939896936912,2.08381967040802,3
23,Richmond,Hawthorn,Hawthorn,12149,Jaeger O'Meara,0.0649969444525865,0.338500813956779,0.364543192896573,0.2319590337929,1.76346430112862,2
23,Richmond,Hawthorn,Richmond,11953,Tom J. Lynch,0.122527723489765,0.363108612357059,0.375419527205339,0.138944148123707,1.53078011113886,1
23,Sydney,Gold Coast,Sydney,11385,Lance Franklin,0.0624715577484973,0.227988095909087,0.350503340434147,0.359037002182977,2.00610578332631,3
23,Sydney,Gold Coast,Sydney,12519,Jordan Dawson,0.0554040627724975,0.250661873637755,0.444617483822902,0.249316557415102,1.88784651352886,2
23,Sydney,Gold Coast,Sydney,12331,Isaac Heeney,0.0742165696280052,0.339448607477879,0.370095326791882,0.216239514728684,1.72835780524769,1
23,Brisbane Lions,West Coast,Brisbane Lions,12082,Dayne Zorko,0.067003460403585,0.250100190242277,0.314325070809401,0.368571293445897,1.98446421219877,3
23,Brisbane Lions,West Coast,Brisbane Lions,11725,Daniel Rich,0.0547930628819602,0.263324644868289,0.347534312402024,0.334348002199468,1.96143727627074,2
23,Brisbane Lions,West Coast,West Coast,11773,Nic Naitanui,0.0795476897243636,0.283948231525123,0.428567818457397,0.207936249117244,1.76489261579165,1
23,Geelong,Melbourne,Melbourne,12411,Clayton Oliver,0.0342126957846294,0.0758155979231459,0.179001250775528,0.710970455516696,2.56672946602429,3
23,Geelong,Melbourne,Melbourne,11972,Max Gawn,0.0646939041002811,0.295728429649166,0.395778907962182,0.243798747112499,1.81868248691102,2
23,Geelong,Melbourne,Melbourne,12437,Christian Petracca,0.17,0.364,0.305,0.162,1.46,1
23,Carlton,Greater Western Sydney,Greater Western Sydney,11683,Callan Ward,0.0369930642460115,0.0901168570932983,0.21703748721552,0.655852613796911,2.49174967291507,3
23,Carlton,Greater Western Sydney,Carlton,11889,Ed Curnow,0.0688886170814613,0.248719795180038,0.337279719323027,0.345111860964892,1.95861481672076,2
23,Carlton,Greater Western Sydney,Greater Western Sydney,12262,Josh Kelly,0.0616854181966779,0.342463907468193,0.345983564005755,0.249867117779954,1.78403238881956,1
23,St Kilda,Fremantle,St Kilda,12377,Jack Steele,0.0352444457747816,0.106268481124332,0.136984968309666,0.721502104791219,2.54474473211732,3
23,St Kilda,Fremantle,St Kilda,12930,Cooper Sharman,0.0723891227300937,0.346343631524913,0.357972271726864,0.223294992644579,1.73217315291238,2
23,St Kilda,Fremantle,St Kilda,12572,Rowan Marshall,0.116745053222833,0.341638796740027,0.318685302688329,0.222930862249971,1.6478019888666,1
23,Essendon,Collingwood,Essendon,12033,Devon Smith,0.0402811892941298,0.101542748292861,0.250585865484132,0.607590189478294,2.42548504769601,3
23,Essendon,Collingwood,Essendon,12173,Jake Stringer,0.0644884807752864,0.281754358387485,0.388478636348649,0.265278546840321,1.85454727160574,2
23,Essendon,Collingwood,Essendon,12249,Zach Merrett,0.12177317488522,0.373094506956691,0.328587825348021,0.176544492810067,1.55990363608293,1
23,Adelaide,North Melbourne,Adelaide,12171,Rory Laird,0.0469780051371511,0.153910735067758,0.267394007016842,0.531717256503539,2.28385051861205,3
23,Adelaide,North Melbourne,Adelaide,12441,Ben Keays,0.0599046461765039,0.226697702260581,0.464862860908373,0.248534809280993,1.9020278519203,2
23,Adelaide,North Melbourne,Adelaide,11799,Rory Sloane,0.119563196999917,0.39519458506462,0.316598608695626,0.168643609239834,1.53432263017537,1
